"'Allowance' column title","'ค่าเผื่อ' ชื่อคอลัมน์"
"'Attribute 1' column","'แอตทริบิวต์ 1' คอลัมน์"
"'Attribute 2' column","'แอตทริบิวต์ 2' คอลัมน์"
"'Attribute 3' column","'แอตทริบิวต์ 3' คอลัมน์"
"'Attribute 4' column","'แอตทริบิวต์ 4' คอลัมน์"
"'Attribute Combine' column","'แอตทริบิวต์รวมคอลัมน์"
"'Product barcode' column","'บาร์โค้ดสินค้า' คอลัมน์"
"'Product images' column","คอลัมน์ 'ภาพสินค้า'"
"'Product name' column","ชื่อสินค้า 'คอลัมน์"
"'Product weight' column","'น้ำหนักสินค้า' คอลัมน์"
"'Qty' column","คอลัมน์ 'จำนวน'"
"'ship-address' and 'bill-address' column format","'เรือที่อยู่' และ 'การเรียกเก็บเงินที่อยู่' รูปแบบคอลัมน์"
"'ship-address' and' bill-address' column format","'เรือที่อยู่' และ 'การเรียกเก็บเงินที่อยู่' รูปแบบคอลัมน์"
"'SKU' column","คอลัมน์ 'SKU'"
"'Stock qty' column","'การแจ้งจำนวนคอลัมน์"
"'Stock warning' column","'คำเตือนการแจ้ง' คอลัมน์"
"'Tick boxes' next to item SKUs?","'กล่อง Tick' ถัดจากรายการ SKUs?"
"'Tickbox 2nd' column","คอลัมน์ "ช่องทำเครื่องหมายที่ 2 '"
"'Tickbox' column","คอลัมน์ "ช่องทำเครื่องหมาย '"
"'Warehouse' column","คอลัมน์ 'คลังสินค้า'"
"(%) Default is 100%","(%) เริ่มต้นคือ 100%"
"(Attribute must exist)","(Attribute ต้องมีอยู่)"
"(Default : "Total Price Col" X-Pos)","(ค่าเริ่มต้น: "ราคารวม Col" X-POS)"
"(Default:No)","(ค่าเริ่มต้น: ไม่มี)"
"(Default:Yes)","(ค่าเริ่มต้น: ใช่)"
"(negative to shift it down)","(เชิงลบที่จะเปลี่ยนมันลง)"
"(standard for invoices)","(มาตรฐานสำหรับใบแจ้งหนี้)"
"(Tip: Upload placeholder images in Config > Catalog)","(เคล็ดลับ: อัปโหลดภาพตัวยึดใน Config> แคตตาล็อก)"
"(Upload placeholder images in Config > Catalog)","(อัปโหลดภาพตัวยึดใน Config> แคตตาล็อก)"
"(Used if 'Position of shelving info' set to 'Columns')","(ใช้ในกรณีที่ 'ตำแหน่งของข้อมูลเก็บเข้าลิ้นชัก' ตั้ง 'คอลัมน์')"
"['Payment due ']","[ 'ชำระเงินเนื่องจาก']"
"[#000000] (#HEX colour code)","[# 000000] (#HEX รหัสสี)"
"[#111111] (#HEX colour code)","[# 111111] (#HEX รหัสสี)"
"[#5BA638] (#HEX colour code)","[# 5BA638] (#HEX รหัสสี)"
"[#87CEEB] (#HEX colour code)","[# 87CEEB] (#HEX รหัสสี)"
"[#8AC371] (#HEX colour code)","[# 8AC371] (#HEX รหัสสี)"
"[#FFFFFF] (#HEX colour code)","[#FFFFFF] (รหัสสี #HEX)"
"[10] (negative to shift it down)","[10] (ลบที่จะเปลี่ยนมันลง)"
"[10] (negative to shift it down)<br />(Make about half image height to center text)<br />(If you need to show options, probably don't shift)","[10] (ลบที่จะเปลี่ยนมันลง) <br /> (ทำเกี่ยวกับความสูงของภาพครึ่งหนึ่งไปยังศูนย์ข้อความ) <br /> (ถ้าคุณต้องแสดงตัวเลือกอาจไม่เปลี่ยน)"
"[10pt]/5pt (top/bottom), 5pt (left/right)","[10pt] / 5PT (บน / ล่าง) 5PT (ซ้าย / ขวา)"
"[15pt] - Set larger to print a larger barcode","[15pt] - ตั้งขนาดใหญ่ในการพิมพ์บาร์โค้ดที่มีขนาดใหญ่"
"[30] - Set to same as Sku X-Pos to print barcode under Sku","[30] - ตั้งค่าการเช่นเดียวกับ Sku X-Pos การพิมพ์บาร์โค้ดภายใต้ Sku"
"[blank]","[ว่าง]"
"[Default = No]","[ค่าเริ่มต้น = No]"
"[Equal]","[เท่ากัน]"
"[Invoice then Packing Sheet]","[ใบแจ้งหนี้แล้วบรรจุแผ่น]"
"[Italic]","[ตัวเอียง]"
"[More than]","[มากกว่า]"
"[No]","[ไม่มี]"
"[No] : Default","[ไม่มี]: เริ่มต้น"
"[No] (No = Word-wrap)","[ไม่มี] (ไม่ = คำห่อ)"
"[No] If set to yes, gift messages will print with this font.","[ไม่มี] หากการตั้งค่าใช่ข้อความที่ระลึกจะพิมพ์ด้วยตัวอักษรนี้"
"[OpenSans]","[OpenSans]"
"[Packing Sheet then Invoice]","[บรรจุแผ่นใบแจ้งหนี้แล้ว]"
"[Partially: Lines top &amp; bottom]","[บางส่วน: เส้นด้านบน & amp; ด้านล่าง]"
"[price]","[ราคา]"
"[qty]","[จำนวน]"
"[Regular]","[ปกติ]"
"[sku]","[SKU]"
"[stock]","[หุ้น]"
"[Yes (from Magento)]","[ใช่ (จากวีโอไอพี)]"
"[Yes]","[ใช่]"
"[Yes] : Default;","[ใช่]: เริ่มต้น;"
"[Yes] (Adds 'Included' to tax label)","[Yes] (เพิ่ม 'รวม' กับป้ายกำกับภาษี)"
"[Yes] (No = Word-wrap)","[Yes] (ไม่ = คำห่อ)"
"[Yes]<br />- If you have slightly 'dirty data' (eg. product names with linebreaks in) set this to yes.","[ใช่] <br /> - หากคุณมีเล็กน้อย 'ข้อมูลที่สกปรก (. เช่นชื่อผลิตภัณฑ์ที่มีการแบ่งบรรทัดใน) ตั้งค่านี้เป็นใช่"
"[Yes]<br />- If you have spreadsheet cells getting mixed up, check this is turned on.<br />- If set to Yes, set the spreadsheet importer to 'Fields de-limited by " character'.","[ใช่] <br /> - หากคุณมีเซลล์สเปรดชีตได้รับการผสมขึ้นตรวจสอบนี้เปิดอยู่ <br /> -. หากการตั้งค่าใช่ตั้งผู้นำเข้าสเปรดชีตเพื่อ 'ทุ่ง de- จำกัด โดย "ตัวอักษร'"
"&nbsp;&nbsp;Custom Value","& nbsp; & nbsp; ค่าที่กำหนดเอง"
"&nbsp;&nbsp;Value","& nbsp; & nbsp; ราคา"
"&nbsp;Eg. enter 'Captured amount' to not show authorize.net payments<br / >Separate multiple phrases by the pipe character: <b>|</b>","& nbsp; เช่น ป้อน 'จำนวนเงินที่ถูกจับ' ที่จะไม่แสดงการชำระเงิน authorize.net <br /> เฉพาะกิจวลีหลายตัวละครท่อ: <b> | </ b>"
"<b>Default Label dimensions (portrait):</b>","<b> ขนาดเริ่มต้นฉลาก (แนวตั้ง): </ b>"
"<b>Label dimensions:250,200</b>","<b> ขนาดป้ายชื่อ: 250,200 </ b>"
"<div class="column_config_section" style="width:60%!important">","<class = "column_config_section" สไตล์ div = "width: 60% ที่สำคัญ">"
"<div class="column_config_section">","<div class = "column_config_section">"
"<div class="column_config_section"><div class="column_config_para" style="margin-top: -12em;"><b>Structure:</b> <span class = "comment_code">{if X}</span><span class = "comment_code">{X}</span>,|<span  class = "comment_code">{/if}</span><br /><b>Can use these codes: </b><br /><span class = "comment_code">{prefix}</span><span  class = "comment_code">{name}</span><span class = "comment_code">{firstname}</span><span class = "comment_code">{lastname}</span><span  class = "comment_code">{suffix}</span><span class = "comment_code">{company}</span><span class = "comment_code">{street}</span><span  class = "comment_code">{city}</span><span class = "comment_code">{postcode}</span><span class = "comment_code">{country}</span><br />","<div class = "column_config_section"> <div class = "column_config_para" style = "ขอบด้านบน: -12em;"> <b> โครงสร้าง: </ b> <span class = "comment_code"> {ถ้า x} </ span> <span class = "comment_code"> {X} </ span> | <span class = "comment_code"> {/ ถ้า} </ span> <br /> <b> สามารถใช้รหัสเหล่านี้: </ b > <br /> <span class = "comment_code"> {} คำนำหน้า </ span> <span class = "comment_code"> {name} </ span> <span class = "comment_code"> {Firs​​tName} </ span> <span class = "comment_code"> {นามสกุล} </ span> <span class = "comment_code"> {ต่อท้าย} </ span> <span class = "comment_code"> { บริษัท } </ span> <ระดับช่วง = " comment_code "> {สถาน} </ span> <span class =" comment_code "> {เมือง} </ span> <span class =" comment_code "> {รหัสไปรษณีย์} </ span> <span class =" comment_code "> {ประเทศ } </ span> <br />"
"<div class="column_config_section"><div class="column_config_para" style="margin-top: -7.5em;"><b>Structure:</b> <span class = "comment_code">{Attribute A}</span>,<span class = "comment_code">{Attribute  B}</span>","<div class = "column_config_section"> <div class = "column_config_para" style = "ขอบด้านบน: -7.5em;"> <b> โครงสร้าง: </ b> <span class = "comment_code"> {} แอตทริบิวต์ < / span> <span class = "comment_code"> {B} แอตทริบิวต์ </ span>"
"<div class="column_config_section"><div class="column_config_para" style="margin-top: -7.5em;"><b>Structure:</b> <span class = "comment_code">{if x}</span><span class = "comment_code">{x}</span>,|<span  class = "comment_code">{/if}</span><br /><b>Can use these codes: </b><br /><span class = "comment_code">{prefix}</span><span  class = "comment_code">{name}</span><span class = "comment_code">{firstname}</span><span class = "comment_code">{lastname}</span><span  class = "comment_code">{suffix}</span><span class = "comment_code">{company}</span><span class = "comment_code">{street}</span><span  class = "comment_code">{city}</span><span class = "comment_code">{postcode}</span><span class = "comment_code">{country}</span><br />","<div class = "column_config_section"> <div class = "column_config_para" style = "ขอบด้านบน: -7.5em;"> <b> โครงสร้าง: </ b> <span class = "comment_code"> {} ถ้า x < / span> <span class = "comment_code"> {x} </ span> | <span class = "comment_code"> {/ ถ้า} </ span> <br /> <b> สามารถใช้รหัสเหล่านี้: </ b> <br /> <span class = "comment_code"> {} คำนำหน้า </ span> <span class = "comment_code"> {name} </ span> <span class = "comment_code"> {Firs​​tName} </ span > <span class = "comment_code"> {นามสกุล} </ span> <span class = "comment_code"> {ต่อท้าย} </ span> <span class = "comment_code"> { บริษัท } </ span> <span class = "comment_code"> {สถาน} </ span> <span class = "comment_code"> {เมือง} </ span> <span class = "comment_code"> {รหัสไปรษณีย์} </ span> <span class = "comment_code"> { ประเทศ} </ span> <br />"
"<div class="column_config_section"><div class="column_config_para" style="margin-top: -7.5em;"><b>Structure:</b><br />","<div class = "column_config_section"> <div class = "column_config_para" style = "ขอบด้านบน: -7.5em;"> <b> โครงสร้าง: </ b> <br />"
"<div class="column_config_section"><div class="column_config_para">[No] Some couriers (like Royal Mail) require no accents in shipping labels.</div></div>","<div class = "column_config_section"> <div class = "column_config_para"> [ไม่มี] บางบริการจัดส่งสินค้า (เช่นรอยัลเมล์) ไม่จำเป็นต้องมีสำเนียงในการจัดส่งป้าย. </ div> </ div>"
"<div class="column_config_section"><div class="column_config_para"><b>Structure:</b><br />","<div class = "column_config_section"> <div class = "column_config_para"> <b> โครงสร้าง: </ b> <br />"
"<div class="column_config_section"><div class="column_config_para">eg. Put your country, then only overseas orders will have country added </div></div>","<div class = "column_config_section"> <div class = "column_config_para"> เช่น นำประเทศของคุณแล้วเท่านั้นคำสั่งซื้อจากต่างประเทศจะมีประเทศเพิ่ม </ div> </ div>"
"<div class="column_config_section"><div class="column_config_para">If your PDFs print with missing or tofu (<b style="font-size:200%;font-weight:100;display:inline;position:relative;top:5px;">&#9647;</b>) characters, set this to 'Yes'.<br/>Setting this to 'Yes' will make your PDFs about 0.4mb bigger.<br/>If that doesn't work for you: set 'Customise fonts' to 'Yes'; then set 'Use non-roman characters to 'Yes'; then try the other font families.</div></div>","<div class = "column_config_section"> <div class = "column_config_para"> หากไฟล์ PDF พิมพ์ด้วยหายไปหรือเต้าหู้ (<สไตล์ B = "font-size: 200%; font-weight: 100 แสดง: อินไลน์; ตำแหน่ง: ญาติ ; ด้านบน: 5px; "> & # 9647; </ b>) ตัวอักษรตั้งค่านี้ 'ใช่' <br/> การตั้งค่านี้ 'ใช่' จะทำให้ไฟล์ PDF ของคุณเกี่ยวกับ 0.4mb ที่ใหญ่กว่า <br/> หากที่.. ไม่ทำงานสำหรับคุณ: ชุด 'กำหนดค่าแบบอักษร' เป็น 'ใช่'; จากนั้นตั้งค่า 'ใช้อักขระที่ไม่ใช่โรมัน' ใช่ '; แล้วลองครอบครัวตัวอักษรอื่น ๆ . </ div> </ div>"
"<div class="column_config_section"><div class="column_config_para">Set to the most prominent colour in your logo. [#8AC371]<br/>(Used for title borders).</div></div>","<div class = "column_config_section"> <div class = "column_config_para"> ตั้งค่าสีที่โดดเด่นที่สุดในโลโก้ของคุณ [# 8AC371] <br/> (ใช้สำหรับเส้นขอบชื่อเรื่อง). </ div> </ div>"
"<div class="column_config_section"><div class="column_config_para">Use this if you need a specific cutoff point (eg for labels) which the auto-cutoff is going over","<div class = "column_config_section"> <div class = "column_config_para"> การใช้งานนี้ถ้าคุณจำเป็นต้องจุดตัดที่เฉพาะเจาะจง (เช่นป้าย) ซึ่งอัตโนมัติตัดเป็นไปมากกว่า"
"<img src="//moogento.com/logo/moogento_tinylogo.lp.png" alt="Moogento" width="20" style="vertical-align:bottom;margin-left:-1px;"/> MOOGENTO Extensions","<img src = "// moogento.com/logo/moogento_tinylogo.lp.png" alt = "Moogento" width = "20" style = "แนวตั้ง-align: ล่างขอบซ้าย: -1px;" /> MOOGENTO ส่วนขยาย"
"18 Flag","18 ธง"
"2 places","สถานที่ 2 แห่ง"
"21 Flag","21 ธง"
"2a Shipmethod match","การแข่งขัน 2a Shipmethod"
"2b Shipmethod match","การแข่งขัน 2b Shipmethod"
"2c Shipmethod match","การแข่งขัน 2C Shipmethod"
"2d Country negative match","2D ประเทศทำงานแบบเชิงลบ"
"2nd attribute?","แอตทริบิวต์ที่ 2?"
"2nd background image?","ภาพพื้นหลังที่ 2?"
"2nd Custom page title","ชื่อหน้ากำหนดเอง 2"
"2nd Image file","ไฟล์ภาพที่ 2"
"2nd Order attribute code","2 สั่งซื้อแอตทริบิวต์รหัส"
"2nd Order custom attribute?","2 สั่งซื้อแอตทริบิวต์ที่กำหนดเอง?"
"2nd page title","ชื่อหน้า 2"
"2nd Sort by :","2 เรียงตาม:"
"2nd sort direction :","ทิศทางการจัดเรียงที่ 2:"
"3 places","3 ตำแหน่ง"
"3rd attribute?","แอตทริบิวต์ที่ 3?"
"4 places","4 ตำแหน่ง"
"4th attribute?","แอตทริบิวต์ที่ 4?"
"Above address","ดังกล่าวข้างต้นอยู่"
"According to the USPS all addresses should be capitalised to improve delivery time","ตามที่ USPS อยู่ทั้งหมดควรได้รับทุนในการปรับปรุงเวลาการส่งมอบ"
"According to the USPS all addresses should be capitalised to improve delivery time and accuracy","ตามที่ USPS อยู่ทั้งหมดควรได้รับทุนในการปรับปรุงเวลาการส่งมอบและความถูกต้อง"
"Action Menu Options","ตัวเลือกการดำเนินการเมนู"
"Actual attribute code (eg: shelf)","รหัสแอตทริบิวต์ที่เกิดขึ้นจริง (เช่นการเก็บรักษา)"
"Add 'Packed by' note?","เพิ่ม 'บรรจุโดย' โน้ต?"
"Add <b><a href="https://moogento.com/autocn22">autoCN22</a> Customs label?</b>","เพิ่ม <b> <a href="https://moogento.com/autocn22"> autoCN22 </a> ฉลากศุลกากร? </ b>"
"Add 1 per line, exact attribute labels which you *don't* want to show","เพิ่ม 1 ต่อบรรทัด, ป้ายแอตทริบิวต์ที่แน่นอนที่คุณ * * * * * * * * ไม่ต้องการที่จะแสดง"
"Add 2nd Order ID barcode?","เพิ่ม 2 บาร์โค้ดรหัสคำสั่งซื้อ?"
"Add 2nd shipping address?","เพิ่มที่อยู่ในการจัดส่ง 2?"
"Add 2nd shipping-type image?","เพิ่มรูปภาพการจัดส่งสินค้าประเภทที่ 2?"
"Add 3rd shipping-type image?","เพิ่มรูปภาพการจัดส่งสินค้าประเภทที่ 3?"
"Add a 2nd background image?","เพิ่มภาพพื้นหลังที่ 2?"
"Add a 2nd page title?","เพิ่มชื่อหน้า 2?"
"Add a background image?","เพิ่มภาพพื้นหลังหรือไม่?"
"Add a flat shipping address?","เพิ่มที่อยู่จัดส่งแบน?"
"Add address label?","เพิ่มป้ายกำกับอยู่?"
"Add an <b>autoCN22</b> page?","เพิ่ม autoCN22 </ b> <b>?"
"Add an <b>order-summary</b> label?","เพิ่ม <b> เพื่อสรุป </ b> Label?"
"Add company address to header?","เพิ่มที่อยู่ของ บริษัท ส่วนหัว?"
"Add company address?","เพิ่มที่อยู่ บริษัท ?"
"Add fixed weight?","เพิ่มน้ำหนักถาวร?"
"Add flare to gift messages?","เพิ่มลุกเป็นไฟไปยังข้อความของขวัญ?"
"Add flat shipping address?","เพิ่มที่อยู่จัดส่งแบน?"
"Add full-page background image?","เพิ่มภาพพื้นหลังแบบเต็มหน้า?"
"Add header logo?","เพิ่มโลโก้หัว?"
"Add image background to label?","เพิ่มภาพพื้นหลังที่จะติดป้าย?"
"Add letterhead?","เพิ่มจดหมาย?"
"Add logo?","เพิ่มโลโก้?"
"Add on right of SKU","เพิ่มที่ด้านขวาของ SKU"
"Add Order ID above address?","เพิ่มรหัสการสั่งซื้อดังกล่าวข้างต้นอยู่?"
"Add Order ID barcode?","เพิ่มบาร์โค้ดรหัสคำสั่งซื้อ?"
"Add ordered qty to stock-needed qty?","เพิ่มจำนวนได้รับคำสั่งให้จำนวนหุ้นที่จำเป็น?"
"Add page background image?","เพิ่มภาพพื้นหลังหน้า?"
"Add return address at bottom?","เพิ่มผลตอบแทนอยู่ที่ด้านล่าง?"
"Add return address?","เพิ่มที่อยู่กลับมา?"
"Add shipping address at bottom?","เพิ่มที่อยู่จัดส่งที่ด้านล่าง?"
"Add shipping label image?","เพิ่มรูปภาพป้ายการจัดส่ง?"
"Add shipping label?","เพิ่มป้ายชื่อการจัดส่งสินค้า?"
"Add shipping-type image?","เพิ่มรูปภาพการจัดส่งสินค้าประเภท?"
"Add static text?","เพิ่มข้อความแบบคงที่?"
"Add tax in order subtotal [Europe Standard]","เพิ่มภาษีในผลรวมย่อยเพื่อ [ยุโรปมาตรฐาน]"
"Add tax to number?","เพิ่มภาษีจำนวน?"
"Add tax to product line subtotal [US Standard]","เพิ่มภาษีให้กับสายผลิตภัณฑ์ของผลรวมย่อย [US มาตรฐาน]"
"Add tracking number as barcode?","เพิ่มหมายเลขติดตามเป็นบาร์โค้ด?"
"Add tracking number?","เพิ่มหมายเลข Tracking?"
"Address format","รูปแบบที่อยู่"
"Address label : Color","ฉลากที่อยู่: สี"
"Address label : Font","ฉลากที่อยู่: ตัวอักษร"
"Address label : Size","ฉลากที่อยู่: ขนาด"
"Address label : Style","ฉลากที่อยู่: สไตล์"
"Address text","ข้อความที่อยู่"
"Address text, Default","ที่อยู่ข้อความเริ่มต้น"
"Address text, Group 1","ที่อยู่ข้อความกลุ่มที่ 1"
"Address text, Group 2","ที่อยู่ข้อความกลุ่มที่ 2"
"Address text, Group 3","ที่อยู่ข้อความกลุ่มที่ 3"
"Address-label Sheet Options","ตัวเลือกที่อยู่แผ่นป้าย"
"Adds a field for shipping methods that don't come from WSA Store Pickup","เพิ่มช่องสำหรับวิธีการจัดส่งที่ไม่ได้มาจากร้าน WSA รถกระบะ"
"Admin: Order-view PDF Invoice and Packing Sheet button?","ผู้ดูแลระบบ: การสั่งซื้อการดูไฟล์ PDF ใบแจ้งหนี้และแผ่นบรรจุปุ่ม?"
"Admin: Order-view PDF Invoice button?","ผู้ดูแลระบบ: การสั่งซื้อปุ่มดูไฟล์ PDF Invoice ได้อย่างไร?"
"Admin: Order-view PDF Packing Sheet button?","ผู้ดูแลระบบ: การสั่งซื้อปุ่มดูไฟล์ PDF บรรจุแผ่น?"
"Admin: Order-view PDF Zebra Label button?","ผู้ดูแลระบบ: การสั่งซื้อการดูไฟล์ PDF ม้าลายปุ่ม Label?"
"Admin: Order-view Resend Email button?","ผู้ดูแลระบบ: การสั่งซื้อดูปุ่มส่งอีเมลอีกครั้ง?"
"Alert Flag","ธงประจำการแจ้งเตือน"
"Align text : center","จัดตำแหน่งข้อความ: ศูนย์"
"Align text : left","จัดตำแหน่งข้อความ: ซ้าย"
"All","ทั้งหมด"
"All : non-interlaced <b>and</b> non-transparent .png","ทั้งหมด: ไม่ใช่ interlaced <b> และ </ b> .png ไม่โปร่งใส"
"Allow Customers to Make PDFs?","ช่วยให้ลูกค้าสามารถทำไฟล์ PDF?"
"Alternate row color","สีสลับแถว"
"Alternate row in picklists","แถวอื่นใน picklists"
"Alternate, billing down, shipping up","สลับการเรียกเก็บเงินลงการจัดส่งสินค้าขึ้น"
"Always override &amp; use shippingRules Shipping Connector Label if available?","เสมอแทนที่ & amp; ใช้เชื่อมต่อ shippingRules การจัดส่งสินค้าฉลากถ้ามี?"
"Amount to add","จำนวนเงินที่จะเพิ่ม"
"Angle Text","มุมข้อความ"
"Angled Ribbon","ริบบิ้นมุม"
"Applies to Packing Sheets and Invoices, in the section which shows shipping method etc.","นำไปใช้กับเอกสารการบรรจุและใบแจ้งหนี้ในส่วนที่แสดงให้เห็นถึงวิธีการจัดส่ง ฯลฯ"
"Ascending","จากน้อยไปมาก"
"Attr.(1) Xpos","attr (1). Xpos"
"Attr.(2) Xpos","attr. (2) Xpos"
"Attr.(3) Xpos","attr. (3) Xpos"
"Attr.(4) Xpos","attr. (4) Xpos"
"Attribute 1","แอตทริบิวต์ 1"
"Attribute 2","แอตทริบิวต์ 2"
"Attribute 3","แอตทริบิวต์ 3"
"Attribute 4","แอตทริบิวต์ 4"
"Attribute code","รหัสแอตทริบิวต์"
"Attribute code (eg. for shelving info, maybe you have an attribute: shelf)<br /><b>You need to have created this attribute, and assigned values for each product for it to work!</b>","แอตทริบิวต์รหัส (. เช่นการเก็บเข้าลิ้นชักข้อมูลบางทีคุณอาจมีแอตทริบิวต์: หิ้ง) <br /> <b> คุณจำเป็นต้องมีการสร้างคุณลักษณะนี้และได้รับมอบหมายค่าสำหรับแต่ละผลิตภัณฑ์เพื่อให้การทำงาน </ b>!"
"Attribute code 1:","แอตทริบิวต์รหัส 1:"
"Attribute code 2:","แอตทริบิวต์รหัส 2:"
"Attribute code 3:","แอตทริบิวต์รหัส 3:"
"Attribute code 4:","แอตทริบิวต์รหัส 4:"
"Attribute code 5:","แอตทริบิวต์รหัสที่ 5:"
"Attribute code for shelving info; eg. shelf","Attribute สำหรับเก็บเข้าลิ้นชักข้อมูล; เช่น. หิ้ง"
"Attribute code for supplier data; Default: supplier","Attribute สำหรับข้อมูลที่ซัพพลายเออร์; เริ่มต้น: ผู้จัดจำหน่าย"
"Attribute code; eg. shelf","แอตทริบิวต์รหัส; เช่น. หิ้ง"
"Attribute codes?","แอตทริบิวต์รหัส?"
"Attribute column title","Attribute ชื่อคอลัมน์"
"Attribute to show","แอตทริบิวต์ที่จะแสดง"
"Attribute to sort by :","แอตทริบิวต์การจัดเรียงโดย:"
"Attribute to use as product name","แอตทริบิวต์ที่จะใช้เป็นชื่อผลิตภัณฑ์"
"Auto description 1","คำอธิบายอัตโนมัติ 1"
"Auto description 3","คำอธิบาย Auto 3"
"Auto Processing","การประมวลผลอัตโนมัติ"
"Automatic action :","การกระทำอัตโนมัติ:"
"Automatic action #2:","ทำงานอัตโนมัติ # 2:"
"Automatic action #3:","ทำงานอัตโนมัติ # 3:"
"Automation Connection","การเชื่อมต่อการทำงานอัตโนมัติ"
"Background Image","ภาพพื้นหลัง"
"Background image position","ตำแหน่งภาพพื้นหลัง"
"Background image?","ภาพพื้นหลัง?"
"barcode : Font","บาร์โค้ด: ตัวอักษร"
"barcode font size","ขนาดตัวอักษรบาร์โค้ด"
"barcode Font Size (Orders)","บาร์โค้ดขนาดตัวอักษร (คำสั่งซื้อ)"
"barcode Font Size (Products)","บาร์โค้ดขนาดตัวอักษร (Products)"
"barcode font-size","บาร์โค้ดขนาดตัวอักษร"
"barcode size","ขนาดบาร์โค้ด"
"barcode X-pos.","บาร์โค้ด X-POS"
"Because the Order currency is different from the Store currency, the conversion from","เนื่องจากสกุลเงินสั่งซื้อสินค้าที่แตกต่างจากสกุลเงินร้านที่แปลงจาก"
"Beside address","ข้างอยู่"
"Billing address position","ตำแหน่งที่อยู่การเรียกเก็บเงิน"
"Billing address posititon","การเรียกเก็บเงิน posititon อยู่"
"Billing address title","ชื่อที่อยู่การเรียกเก็บเงิน"
"Bkg","BKG"
"Blank = #000000 (#HEX colour code)","Blank = # 000000 (รหัสสี #HEX)"
"Blank box image","ภาพกล่องเปล่า"
"Bold","กล้า"
"Bold 'Extra shipping details' labels?","ป้าย Bold 'รายละเอียดการจัดส่งสินค้าเสริม'?"
"Bold italic","ตัวเอียงตัวหนา"
"Bold last line in page-base shipping addresses?","บรรทัดสุดท้ายเป็นตัวหนาในที่อยู่จัดส่งหน้าฐาน?"
"Bold last line in page-top shipping addresses?","บรรทัดสุดท้ายเป็นตัวหนาในที่อยู่จัดส่งหน้า Top?"
"Bold product name?","ชื่อผลิตภัณฑ์ Bold?"
"Border color","สีของเส้นขอบ"
"Bottom of page","ด้านล่างของหน้า"
"Box 1 Image","กล่อง 1 รูป"
"Box 2a Image (Store Pickup)","กล่อง 2A ภาพ (ร้านรถกระบะ)"
"Box 2b Image (Express Mail)","กล่อง 2b ภาพ (ด่วน Mail)"
"Box 2c Image (Priority International)","กล่อง 2C ภาพ (ลำดับความสำคัญระหว่างประเทศ)"
"Box 2d Image (Standard International)","กล่อง 2D ภาพ (มาตรฐานสากล)"
"Box 3 Image","3 กล่องภาพ"
"Box count estimation?","กล่องนับประมาณค่า?"
"Bring up top address?","ขึ้นมาอยู่ด้านบน?"
"Buttons for PDFs","ปุ่มสำหรับไฟล์ PDF"
"By default we output ANSI, which works well for Windows machines and special characters.<br >If you need UTF-8, just choose that here","โดยเราเริ่มต้นการส่งออก ANSI ซึ่งทำงานได้ดีสำหรับเครื่อง Windows และอักขระพิเศษ. <br> หากคุณต้องการ UTF-8 เพียงแค่เลือกที่นี่"
"By Height","โดยความสูง"
"By Width","ตามความกว้าง"
"Calculate line totals by:","คำนวณผลรวมบรรทัดโดย:"
"Callout colour","สีไฮไลต์"
"Can be handy to reduce customer support - eg. set to a custom Processing status of 'Packing your order now'","จะมีประโยชน์ในการลดการสนับสนุนลูกค้า - เช่น ตั้งสถานะการประมวลผลที่กำหนดเองของบรรจุคำสั่งของคุณตอนนี้ '"
"Cancel?","ยกเลิก?"
"Capitalise shipping labels?","Capitalise การจัดส่งป้าย?"
"Category translation","แปลหมวดหมู่"
"Center values?","ค่าศูนย์?"
"Centered in page","ศูนย์กลางในหน้า"
"Centered in product list","เป็นศูนย์กลางในรายการสินค้า"
"Change order status","เปลี่ยนสถานะการสั่งซื้อ"
"Change the layout of shipping addresses","เปลี่ยนรูปแบบของที่อยู่จัดส่ง"
"Change to status:","เปลี่ยนสถานะ:"
"Check for gift message?","ตรวจสอบข้อความที่ระลึก?"
"Clear Cached Images in pickPack","รูปภาพ Cached ชัดเจนในการ pickPack"
"Code","รหัส"
"Color","สี"
"Color attribute","แอตทริบิวต์สี"
"Color X-pos.","สี X-POS"
"Column mapping","การทำแผนที่คอลัมน์"
"Columns Y-X-pos.","คอลัมน์ Y-X-POS"
"Combine attribute?","Combine แอตทริบิวต์?"
"Combine custom attributes under product line?","รวมแอตทริบิวต์ที่กำหนดเองภายใต้สายผลิตภัณฑ์?"
"Combine custom product attributes under the product line?","รวมคุณลักษณะของผลิตภัณฑ์ที่กำหนดเองภายใต้สายผลิตภัณฑ์?"
"Combine pdfs","รวมไฟล์ PDF"
"Combine product line details?","รวมรายละเอียดสายผลิตภัณฑ์?"
"Combine the custom attributes listed below?","Combine แอตทริบิวต์ที่กำหนดเองที่ระบุไว้ดังต่อไปนี้?"
"Combined Attributes Xpos","รวมคุณสมบัติ Xpos"
"Combined Packing Sheet/Invoice' grouped by Order ID?","รวมบรรจุแผ่น / ใบแจ้งหนี้ 'จัดกลุ่มตามรหัสคำสั่งซื้อ?"
"Combined pdfs?","รวมไฟล์ PDF?"
"Comma separated top,bottom widths (eg 1,2)","คั่นด้วยเครื่องหมายจุลภาคบนความกว้างด้านล่าง (เช่น 1,2)"
"Comma-separated list of customer group names where you don't want the group name","รายการคั่นด้วยเครื่องหมายจุลภาคชื่อกลุ่มลูกค้าที่คุณไม่ต้องการชื่อกลุ่ม"
"Comma-separated list of SKUs to *not* show","รายการ SKUs คั่นด้วยเครื่องหมายจุลภาคเพื่อ * ไม่ * การแสดง"
"Comma-separated list of SKUs to *not* show a count for","รายการ SKUs คั่นด้วยเครื่องหมายจุลภาคเพื่อ * ไม่ * แสดงนับเป็น"
"Comments","ความคิดเห็น"
"Company address","ที่อยู่ บริษัท"
"Company address : Color","ที่อยู่ บริษัท : สี"
"Company address : Font","ที่อยู่ บริษัท : ตัวอักษร"
"Company address : Size","ที่อยู่ บริษัท : ขนาด"
"Company address : Style","ที่อยู่ บริษัท : สไตล์"
"Company address, Default","ที่อยู่ บริษัท เริ่มต้น"
"Company address, Group 1","ที่อยู่ บริษัท กลุ่มที่ 1"
"Company address, Group 2","ที่อยู่ บริษัท , กลุ่มที่ 2"
"Company address, Group 3","ที่อยู่ บริษัท , กลุ่มที่ 3"
"Condition","เงื่อนไข"
"Configurable product name","ชื่อผลิตภัณฑ์ที่กำหนด"
"Cost (base) to (display) exchange rate","ค่าใช้จ่าย (เบส) (แสดง) อัตราแลกเปลี่ยน"
"Cost currency prefix","คำนำหน้าสกุลเงินค่าใช้จ่าย"
"Cost multiplier","คูณค่าใช้จ่าย"
"Cost subtotal?","ผลรวมย่อยค่าใช้จ่าย?"
"shippingRules Method","วิธี shippingRules"
"shippingRules method?","วิธี shippingRules?"
"shippingRules Shipping Method","shippingRules วิธีการจัดส่ง"
"CSV (Order-combined Products)","CSV (สินค้าสั่งซื้อรวมกัน)"
"CSV (Order-combined Products) Options","CSV (สินค้าสั่งซื้อรวมกัน) ตัวเลือก"
"CSV (Order-combined Products)?","CSV (สินค้าสั่งซื้อรวมกัน)?"
"CSV (Order-separated Products)","CSV (สั่งแยก Products)"
"CSV (Order-separated Products) Options","CSV (สั่งแยก Products) ตัวเลือก"
"CSV (Order-separated Products)?","CSV (สั่งแยก Products)?"
"CSV (Orders)","CSV (คำสั่งซื้อ)"
"CSV (Orders) Options","CSV (คำสั่งซื้อ) ตัวเลือก"
"CSV (Orders)?","CSV (คำสั่งซื้อ)?"
"CSV field separator","คั่นฟิลด์ CSV"
"CSV output encoding","การเข้ารหัสการส่งออก CSV"
"CSV/XML (Cargo Manifest)","CSV / XML (Cargo Manifest)"
"CSV/XML (Cargo Manifest)?","CSV / XML (Cargo Manifest)?"
"Custom","กำหนดเอง"
"Custom Attribute","แอตทริบิวต์ที่กำหนดเอง"
"Custom attribute (1)","แอตทริบิวต์ที่กำหนดเอง (1)"
"Custom attribute (2)","แอตทริบิวต์ที่กำหนดเอง (2)"
"Custom attribute (3)","แอตทริบิวต์ที่กำหนดเอง (3)"
"Custom attribute (4)","แอตทริบิวต์ที่กำหนดเอง (4)"
"Custom CSV field separator","ที่กำหนดเองคั่นฟิลด์ CSV"
"Custom font file","แฟ้มแบบอักษรที่กำหนดเอง"
"Custom image","ภาพที่กำหนดเอง"
"Custom Message : Background Color","ข้อความที่กำหนดเอง: สีพื้นหลัง"
"Custom Message : Color","ข้อความที่กำหนดเอง: สี"
"Custom Message : Font","ข้อความที่กำหนดเอง: ตัวอักษร"
"Custom Message : Size","ข้อความที่กำหนดเอง: ขนาด"
"Custom Message : Style","ข้อความที่กำหนดเอง: สไตล์"
"Custom message under product list?","ข้อความที่กำหนดเองภายใต้รายการสินค้า?"
"Custom options column title","ตัวเลือกที่กำหนดเองชื่อคอลัมน์"
"Custom Order Attribute","แอตทริบิวต์การสั่งซื้อที่กำหนดเอง"
"Custom page title","ชื่อเพจที่กำหนดเอง"
"Custom product attribute code (eg: shelf)","ที่กำหนดเองรหัสคุณสมบัติของสินค้า (เช่นการเก็บรักษา)"
"Custom product attribute?","สินค้าแอตทริบิวต์ที่กำหนดเอง?"
"Custom text image","ภาพข้อความที่กำหนดเอง"
"Custom text under product list?","ข้อความที่กำหนดเองภายใต้รายการสินค้า?"
"Custom Value","ค่าที่กำหนดเอง"
"Custom weight fields?","สาขาน้ำหนักที่กำหนดเอง?"
"Custom weightbased count?","ที่กำหนดเอง weightbased นับ?"
"Custom Weightbased label?","Weightbased กำหนดเองฉลาก?"
"Custom Weightbased text?","ที่กำหนดเอง Weightbased ข้อความ?"
"Customer Address X-pos.","ลูกค้าที่อยู่ X-POS"
"Customer attribute code","รหัสแอตทริบิวต์ของลูกค้า"
"Customer Comments","ความคิดเห็นของลูกค้า"
"Customer custom attribute?","ที่กำหนดเองของลูกค้าแอตทริบิวต์?"
"Customer Email","อีเมลของลูกค้า"
"Customer Email?","อีเมลของลูกค้า?"
"Customer group?","กลุ่มลูกค้า?"
"Customer ID (Footer) X-pos.","รหัสลูกค้า (ส่วนท้าย) X-POS"
"Customer ID X-pos.","รหัสลูกค้า X-POS"
"Customer ID?","รหัสลูกค้า?"
"Customer name X-pos.","ชื่อลูกค้า X-POS"
"Customer VAT title","ชื่อภาษีมูลค่าเพิ่มลูกค้า"
"Customer: Change "Print Invoice" to "PDF Invoices"?","ลูกค้า: เปลี่ยน "พิมพ์ใบแจ้งหนี้" กับ "ใบแจ้งหนี้ PDF"?"
"Customer: Change "Print Order" to "PDF Invoices"?","ลูกค้า: เปลี่ยน "คำสั่งพิมพ์" กับ "ใบแจ้งหนี้ PDF"?"
"Customer: PDF Invoice button?","ลูกค้า: ปุ่มรูปแบบไฟล์ PDF Invoice ได้อย่างไร?"
"Customer: PDF Packing Sheet button?","ลูกค้า: PDF ปุ่มบรรจุแผ่น?"
"Customise 'Packed by' text","ปรับแต่ง 'บรรจุโดย' ข้อความ"
"Customise fonts/colours?","กำหนดค่าแบบอักษร / สี?"
"Customize page title?","ปรับแต่งชื่อหน้า?"
"Date format","รูปแบบวันที่"
"Date printed?","วันที่พิมพ์?"
"Day","วัน"
"Deadline text","ข้อความเส้นตาย"
"Deadline text / date?","ข้อความที่กำหนดเส้นตายวันที่ /?"
"Default","ค่าเริ่มต้น"
"Default : Yes","เริ่มต้น: ใช่"
"Default (Use standard)","ค่าเริ่มต้น (การใช้งานมาตรฐาน)"
"Default (Use Total Price Xpos)","ค่าเริ่มต้น (การใช้งานราคารวม Xpos)"
"Default (Use total prixe Xpos)","ค่าเริ่มต้น (ใช้ prixe รวม Xpos)"
"Default top-right; eg. 'Invoice'","เริ่มต้นบนขวา; เช่น. 'ใบแจ้งหนี้'"
"Default top-right; eg. 'Packing Sheet'","เริ่มต้นบนขวา; เช่น. 'การบรรจุแผ่น'"
"Default:","ค่าเริ่มต้น:"
"Default: -230,-210","เริ่มต้น: -230, -210"
"Default: ,","ค่าเริ่มต้น: ,"
"Default: 'OK'","เริ่มต้น: 'ตกลง'"
"Default: 'OK' -->","เริ่มต้น: 'ตกลง' ->"
"Default: "Payment due "","เริ่มต้น: "การชำระเงินเนื่องจาก""
"Default: {blank}","เริ่มต้น: {} ว่างเปล่า"
"Default: #DDDDDD","เริ่มต้น: #DDDDDD"
"Default: #FFFFFF","เริ่มต้น: #FFFFFF"
"Default: 0<br />Eg. 21.6700 @ 0 = 22; @ 1 = 21.7; @ 2 = 21.67; @ -1 = 20","เริ่มต้น: 0 <br /> เช่น 21.6700 @ 0 = 22; @ 1 = 21.7; @ 2 = 21.67; @ -1 = 20"
"Default: 1<br />Eg. Change the display cost to match your actual end costs","เริ่มต้น: 1 <br /> เช่น เปลี่ยนค่าใช้จ่ายในการแสดงผลเพื่อให้ตรงกับค่าใช้จ่ายที่เกิดขึ้นจริงในตอนท้ายของคุณ"
"Default: 1<br />Eg. kg -> lb = 2.2046; lb -> kg = 0.4536","เริ่มต้น: 1 <br /> เช่น กก. -> ปอนด์ = 2.2046; ปอนด์ -> กก. = 0.4536"
"Default: 1<br />Eg. your base currency is USD, your manifest display currency is GBP : enter the exchange rate multiplier for USD -> GBP","เริ่มต้น: 1 <br /> เช่น สกุลเงินหลักของคุณเป็นเงินสกุลเงินที่แสดงของคุณประจักษ์เป็น GBP: ป้อนตัวคูณอัตราแลกเปลี่ยนสำหรับ USD -> GBP"
"Default: 100","เริ่มต้น: 100"
"Default: 13pt/5pt (top/bottom), 5pt (left/right)","เริ่มต้น: 13pt / 5PT (บน / ล่าง) 5PT (ซ้าย / ขวา)"
"Default: 17","เริ่มต้น: 17"
"Default: 185","เริ่มต้น: 185"
"Default: 2 [1.1256 becomes 1.13]","เริ่มต้น: 2 [1.1256 กลายเป็น 1.13]"
"Default: 2<br />Eg. 21.6700 @ 0 = 22; @ 1 = 21.7; @ 2 = 21.67; @ -1 = 20","เริ่มต้น: 2 <br /> เช่น 21.6700 @ 0 = 22; @ 1 = 21.7; @ 2 = 21.67; @ -1 = 20"
"Default: 200","เริ่มต้น: 200"
"Default: 22pt (top/bottom), 30pt (left/right)","เริ่มต้น: 22pt (บน / ล่าง) 30pt (ซ้าย / ขวา)"
"Default: 25","เริ่มต้น: 25"
"Default: 25 -->","เริ่มต้น: 25 ->"
"Default: 25, 25 (can leave one blank)","เริ่มต้น: 25, 25 (สามารถออกจากหนึ่งที่ว่างเปล่า)"
"Default: 250","เริ่มต้น: 250"
"Default: 250, 100. Need to select [Yes] on "Show order gift message" or "Show product gift message".","เริ่มต้น: 250, 100 ต้องเลือก [Yes] บน "ข้อความแสดงของขวัญสั่งซื้อ" หรือ "แสดงข้อความที่ระลึกผลิตภัณฑ์""
"Default: 250, 100. Need to select yes on "Show order gift message" or "Show product gift message"","เริ่มต้น: 250, 100 ต้องเลือกใช่ "ข้อความแสดงของขวัญสั่งซื้อ" หรือ "แสดงข้อความที่ระลึกผลิตภัณฑ์""
"Default: 250x182","เริ่มต้น: 250x182"
"Default: 3","เริ่มต้น: 3"
"Default: 350","เริ่มต้น: 350"
"Default: 380","เริ่มต้น: 380"
"Default: 40","เริ่มต้น: 40"
"Default: 400","เริ่มต้น: 400"
"Default: 420","เริ่มต้น: 420"
"Default: 450","เริ่มต้น: 450"
"Default: 460","เริ่มต้น: 460"
"Default: 475","เริ่มต้น: 475"
"Default: 480","เริ่มต้น: 480"
"Default: 50","เริ่มต้น: 50"
"Default: 500","เริ่มต้น: 500"
"Default: 520","เริ่มต้น: 520"
"Default: 5pt (top/bottom), 5pt (left/right)","เริ่มต้น: 5PT (บน / ล่าง) 5PT (ซ้าย / ขวา)"
"Default: 5pt/5pt (top/bottom), 5pt/5pt (left/right)","เริ่มต้น: 5PT / 5PT (บน / ล่าง) 5PT / 5PT (ซ้าย / ขวา)"
"Default: 67","เริ่มต้น: 67"
"Default: 8","เริ่มต้น: 8"
"Default: 80","เริ่มต้น: 80"
"Default: backordered","เริ่มต้น: การสั่งจอง"
"Default: Bold","เริ่มต้น: Bold"
"Default: center","เริ่มต้น: ศูนย์"
"Default: Code128","เริ่มต้น: Code128"
"Default: codes","เริ่มต้น: รหัส"
"Default: Empty","เริ่มต้น: ว่างเปล่า"
"Default: Grand Total","เริ่มต้น: แกรนด์รวม"
"Default: ID","เริ่มต้น: ID"
"Default: ID -->","เริ่มต้น: ID ->"
"Default: invoice_","เริ่มต้น: invoice_"
"Default: invoice+packing-sheet_","เริ่มต้น: ใบแจ้งหนี้ + บรรจุ sheet_"
"Default: items","เริ่มต้น: รายการ"
"Default: Left (if right, turn off barcodes, addresses; if full-width no company","เริ่มต้น: ซ้าย (ขวาถ้าปิดบาร์โค้ด, ที่อยู่ถ้าเต็มความกว้างไม่มี บริษัท"
"Default: M j, Y . Format this according to www.php.net/date","เริ่มต้น: M J, Y รูปแบบนี้ตาม www.php.net/date"
"Default: Method B","เริ่มต้น: วิธีการ B"
"Default: name","เริ่มต้น: ชื่อ"
"Default: order-combined_","เริ่มต้น: การสั่งซื้อ combined_"
"Default: order-separated_","เริ่มต้น: การสั่งซื้อ separated_"
"Default: out-of-stock-list_","เริ่มต้น: ออกจากสต็อก list_"
"Default: packing-sheet_","เริ่มต้น: บรรจุ sheet_"
"Default: Phone","เริ่มต้น: โทรศัพท์"
"Default: Phone -->","เริ่มต้น: โทรศัพท์ ->"
"Default: product-separated_","เริ่มต้น: ผลิตภัณฑ์ separated_"
"Default: pt (top/bottom), pt (left/right)","เริ่มต้น: PT (บน / ล่าง), PT (ซ้าย / ขวา)"
"Default: Qty","เริ่มต้น: จำนวน"
"Default: Qty -->","เริ่มต้น: จำนวน ->"
"Default: Ship to:","เริ่มต้น: ส่งไปที่:"
"Default: Shipping","เริ่มต้น: การจัดส่งสินค้า"
"Default: Simple product name","เริ่มต้น: ชื่อผลิตภัณฑ์ที่เรียบง่าย"
"Default: Source","เริ่มต้น: ที่มา"
"Default: Subtotal","เริ่มต้น: ยอดรวม"
"Default: tax","เริ่มต้น: ภาษี"
"Default: total","เริ่มต้น: รวม"
"Default: USD","เริ่มต้น: เหรียญสหรัฐ"
"Default: VAT Rateable","เริ่มต้น: ประเมินภาษีมูลค่าเพิ่ม"
"Default: warehouse","เริ่มต้น: คลังสินค้า"
"Default: Y_m_d . Format this according to www.php.net/date","เริ่มต้น: Y_m_d รูปแบบนี้ตาม www.php.net/date"
"Default: Zero-rated","เริ่มต้น: ศูนย์จัดอันดับ"
"Default:7","เริ่มต้น: 7"
"Default: No","เริ่มต้น: ไม่มี"
"Default: Yes","เริ่มต้น: ใช่"
"Depends on your stock management system","ขึ้นอยู่กับระบบการบริหารจัดการสต็อกของคุณ"
"Descending","มากไปหาน้อย"
"Detailed CC info?","ข้อมูลรายละเอียด CC?"
"Dimensions","ขนาด"
"Dimensions : 'Label width' x 'Label height' @ 300dpi : non-interlaced and non-transparent .png","ขนาด: 'ความกว้างป้าย' X 'ความสูงป้าย' @ 300dpi: ไม่สอดประสานและไม่โปร่งใส .png"
"Dimensions 180<b style="color:red;">pt</b> x 120<b style="color:red;">pt</b> @ 300dpi : non-interlaced <b>and</b> non-transparent .png","ขนาด 180 <b style = "สี: สีแดง;"> PT </ b> x 120 <b style = "สี: สีแดง;"> PT </ b> @ 300dpi: ไม่ interlaced <b> และ </ b> .png ไม่โปร่งใส"
"Dimensions 540<b style="color:red;">pt</b>(A4)|562<b style="color:red;">pt</b>(US Letter) x 1-200<b style="color:red;">pt</b> @ 300dpi : non-interlaced <b>and</b> non-transparent .png","ขนาด 540 <b style = "สี: สีแดง;"> PT </ b> (A4) |​​ 562 <b style = "สี: สีแดง;"> PT </ b> (จดหมาย) x 1-200 <b สไตล์ = "สี: สีแดง;"> PT </ b> @ 300dpi: ไม่ interlaced <b> และ </ b> .png ไม่โปร่งใส"
"Dispatch Date?","จัดส่งวันที่?"
"Don't count these custom option SKUs :","ไม่นับเหล่านี้ตัวเลือกที่กำหนดเอง SKUs:"
"Double-line spacing?","ระยะห่างระหว่างสายสองครั้ง?"
"Double-up this barcode?","ดับเบิลขึ้นบาร์โค้ดนี้หรือไม่?"
"Drink Flag","เครื่องดื่มธง"
"E: ","E:"
"Eg. nudge it up off integrated labels","เช่น. เขยิบขึ้นป้ายแบบบูรณาการปิด"
"eg. put 'wholesale', then only wholesale customers will see 'Message B'","เช่น. ใส่ 'ขายส่ง' แล้วเท่านั้นลูกค้าขายส่งจะเห็น 'ข้อความ B'"
"eg. put your country, then only overseas orders will have country added","เช่น. นำประเทศของคุณแล้วเท่านั้นคำสั่งซื้อจากต่างประเทศจะมีประเทศที่เพิ่มขึ้น"
"Eg. shelving info","เช่น. ข้อมูลเก็บเข้าลิ้นชัก"
"Email: Body","อีเมล์: ร่างกาย"
"Email: Send To","อีเมล์: ส่งให้"
"Email: Sender","อีเมล์: ผู้ส่ง"
"Email: Subject","หัวข้อจดหมาย"
"Enable auto processing?","เปิดใช้งานการประมวลผลอัตโนมัติ?"
"Enter your license key here","ใส่คีย์ใบอนุญาตของคุณที่นี่"
"Exactly position shipping detail (eg. for envelope window)","ว่ารายละเอียดตำแหน่งการจัดส่งสินค้า (เช่น. หน้าต่างซอง)"
"Exactly position top address (eg. for envelope window)","ตรงตำแหน่งที่อยู่ด้านบน (เช่น. หน้าต่างซอง)"
"Export","ส่งออก"
"Export: Path","การส่งออก: เส้นทาง"
"Extra attribute position","ตำแหน่งแอตทริบิวต์พิเศษ"
"F: ","F:"
"File Path","เส้นทางของแฟ้ม"
"Fill Bars?","กรอกบาร์?"
"Fill bkg comments box ?","กรอก BKG ช่องแสดงความคิดเห็น?"
"Fill columns titlebar?","กรอกคอลัมน์แถบชื่อ?"
"Filter again?","กรองอีกครั้งหรือไม่"
"Filter by supplier?","กรองตามผู้จัดจำหน่าย?"
"Filter items again?","กรองรายการอีกครั้งหรือไม่"
"Filter items by status?","รายการตามสถานะกรอง?"
"Filter items?","รายการกรอง?"
"Filter order notes?","บันทึกเพื่อกรอง?"
"Filter out some options?","กรองตัวเลือกบางอย่าง?"
"Filter out some?","กรองออกบางส่วน?"
"Filter out these attributes","กรองแอตทริบิวต์เหล่านี้"
"Filter out these custom option SKUs :","กรอง SKUs ตัวเลือกที่กำหนดเองเหล่านี้:"
"Filter shipped items?","กรองสินค้าที่จัดส่ง?"
"Filter text","ข้อความของตัวกรอง"
"Filter text (don't show notes containg this text)","ข้อความของตัวกรอง (ไม่แสดง containg บันทึกข้อความนี้)"
"Filter?","กรอง?"
"Filter/Split which PDFs?","กรอง / Split ซึ่งไฟล์ PDF?"
"Filters: Order-separated PDFs, Order-combined PDFs","กรองข้อมูล: ไฟล์ PDF สั่งซื้อแยกไฟล์ PDF การสั่งซื้อรวม"
"First Name","ชื่อจริง"
"First order starts at","สั่งซื้อครั้งแรกเริ่มต้นที่"
"Fix Subtotals to page base","แก้ไขผลรวมย่อยไปยังฐานหน้า"
"Flat-address font size","ขนาดตัวอักษรแบนอยู่"
"Font","ตัวอักษร"
"Font size","ขนาดตัวอักษร"
"Font size (Product Lines)","ขนาดตัวอักษร (สายผลิตภัณฑ์)"
"Font size (Return address)","ขนาดตัวอักษร (ที่อยู่กลับ)"
"Font size (Shipping address)","ขนาดตัวอักษร (ที่อยู่จัดส่ง)"
"For all customer group types","สำหรับทุกประเภทของกลุ่มลูกค้า"
"For any customer group containing filter word","คำกรองกลุ่มลูกค้าที่มี"
"For configurable products, show:","สำหรับผลิตภัณฑ์ที่กำหนดแสดง:"
"For custom minimum stock levels for specific SKUs, set like this:","สำหรับการกำหนดระดับขั้นต่ำที่สต็อกสำหรับ SKUs เฉพาะการตั้งค่าเช่นนี้"
"For full-page sharp backgrounds, upload images with dimensions  595<b style="color:red;">pt</b> x 842<b style="color:red;">pt</b> (A4), or 612<b style="color:red;">pt</b> x 792<b style="color:red;">pt</b> (Letter)","สำหรับพื้นหลังคมชัดเต็มหน้าอัปโหลดภาพที่มีขนาด 595 <b style = "สี: สีแดง;"> PT </ b> x 842 <b style = "สี: สีแดง;"> PT </ b> (A4) หรือ 612 <b style = "สี: สีแดง;"> PT </ b> x 792 <b style = "สี: สีแดง;"> PT </ b> (Letter)"
"For Internal Print Flags use "0" to avoid duplicate printing","ธงพิมพ์ภายในใช้ "0" เพื่อหลีกเลี่ยงการพิมพ์ซ้ำ"
"Force gift message font?","ของที่ระลึกกองทัพอักษรข้อความ?"
"Format product options?","ตัวเลือกรูปแบบผลิตภัณฑ์หรือไม่?"
"Format product?","สินค้ารูปแบบ?"
"FTP host","โฮสต์ FTP"
"FTP password","รหัสผ่าน FTP"
"FTP port","FTP พอร์ต"
"FTP remote path","FTP เส้นทางระยะไกล"
"FTP user","ผู้ใช้ FTP"
"Full height of each label (default 168pt)","เต็มความสูงของแต่ละป้าย (168pt เริ่มต้น)"
"Full height of each label (default 432pt)","เต็มความสูงของแต่ละป้าย (432pt เริ่มต้น)"
"Full Page Width","ความกว้างเต็มหน้า"
"Full width of each label (default 190pt)","เต็มความกว้างของแต่ละป้าย (190pt เริ่มต้น)"
"Full width of each label (default 288pt)","เต็มความกว้างของแต่ละป้าย (288pt เริ่มต้น)"
"Gallery Images (Max 2)","แกลลอรี่ภาพ (แม็กซ์ 2)"
"General : CSV","ทั่วไป: CSV"
"General : PDF","ทั่วไป: รูปแบบไฟล์ PDF"
"General Options","ตัวเลือกทั่วไป"
"Germany CN22 Label Image","เยอรมนี CN22 ป้ายภาพ"
"Gift card","บัตรของขวัญ"
"Gift message","ข้อความของขวัญ"
"Gift Message : Background Color","ข้อความของขวัญ: สีพื้นหลัง"
"Gift Message : Color","ข้อความของขวัญ: สี"
"Gift Message : Font","ข้อความของขวัญ: ตัวอักษร"
"Gift Message : Size","ข้อความของขวัญ: ขนาด"
"Gift Message : Style","ข้อความของขวัญ: สไตล์"
"Gift wrap","กระดาษห่อของขวัญ"
"Goes at page base - good for integrated labels","ไปที่ฐานหน้า - เหมาะสำหรับฉลากแบบบูรณาการ"
"Goes at page base - handy for QC","ไปที่ฐานหน้า - มีประโยชน์สำหรับการควบคุมคุณภาพ"
"Goes on the right of the header logo","ไปทางด้านขวาของโลโก้ส่วนหัว"
"Goes on the top-left of the page","ไปที่ด้านบนซ้ายของหน้า"
"Good for 3-part integrated labels, eg. for peel-off address records","เหมาะสำหรับฉลากแบบบูรณาการ 3 ส่วนเช่น สำหรับการลอกออกบันทึกอยู่"
"Good for a footer image","ดีสำหรับภาพของส่วนท้าย"
"Good for integrated labels","เหมาะสำหรับฉลากแบบบูรณาการ"
"Good for tax numbers, return instructions","ดีสำหรับตัวเลขภาษีคำแนะนำการกลับมา"
"Good for things like tear-off labels, or adding to the return address abel to make it a 'Returns Label'","ดีสำหรับสิ่งที่ต้องการป้ายฉีกออกหรือเพิ่มไป Abel อยู่ส่งกลับจะทำให้มันเป็นผลตอบแทนป้าย '"
"Grand Total (from Magento)?","แกรนด์รวม (จากวีโอไอพี)?"
"Grey out products from other suppliers","สีเทาออกผลิตภัณฑ์จากผู้ผลิตอื่น ๆ"
"Group by Category?","กลุ่มตามประเภท?"
"Group With Other Prints","กลุ่มที่มีพิมพ์อื่น ๆ"
"Header logo","โลโก้ส่วนหัว"
"Hide if gift order?","ซ่อนถ้าสั่งเป็นของขวัญ?"
"Hide prices if a gift order?","ซ่อนราคาถ้าสั่งซื้อของที่ระลึก?"
"Hide product option labels?","ป้ายซ่อนตัวเลือกผลิตภัณฑ์หรือไม่?"
"Hide products from other suppliers","ซ่อนผลิตภัณฑ์จากผู้ผลิตอื่น ๆ"
"Hide Shipping Method for Store-Pickup orders?","ซ่อนวิธีการจัดส่งสำหรับการสั่งซื้อที่ร้านค้ารถรับส่ง?"
"Hide supplier attribute column?","ซ่อนผู้จัดจำหน่ายแอตทริบิวต์คอลัมน์?"
"Hide these groups :","ซ่อนกลุ่มเหล่านี้:"
"Hide this 'country name'","ซ่อนนี้ 'ชื่อประเทศ'"
"Hide this 'country name' :","ซ่อนนี้ 'ชื่อประเทศ:"
"Hide this' country name' :","ซ่อนนี้ 'ชื่อประเทศ:"
"Hide Virtual and Downloadable products from PDFs?","ซ่อนผลิตภัณฑ์เสมือนและดาวน์โหลดจากไฟล์ PDF?"
"Hide zero discount value?","ซ่อนค่าเป็นศูนย์ส่วนลด?"
"Hide zero shipping value?","ซ่อนค่าจัดส่งศูนย์?"
"Hide zero tax value?","ซ่อนค่าภาษีเป็นศูนย์?"
"High-res","ความละเอียดสูง"
"high-res/low-res?","ความละเอียดสูง / ต่ำละเอียด?"
"High/Low Resolution?","สูง / ความละเอียดต่ำ"
"Hold?","ถือ?"
"Holland CN22 Label Image","ฮอลแลนด์ CN22 ป้ายภาพ"
"Horizontal bars : Background Color","แถบแนวนอนสีพื้นหลัง"
"Ie. if you want them listed together and not in separate columns","IE ถ้าคุณต้องการให้พวกเขาระบุไว้ด้วยกันและไม่ได้อยู่ในคอลัมน์ที่แยกต่างหาก"
"If 'Yes' this won't include items which have been marked as shipped.","ถ้า 'ใช่' นี้จะไม่รวมถึงรายการที่ได้รับการทำเครื่องหมายเป็นที่จัดส่ง"
"If child image missing, show parent?","หากภาพเด็กหายไปแสดงให้ผู้ปกครอง?"
"If set to Yes, after an order has been printed, you can only re-print it from inside the Order Detail page.<br />The aim is to avoid shipping the same order multiple times by mistake.","หากการตั้งค่าได้หลังจากที่มีคำสั่งที่ได้รับการตีพิมพ์คุณสามารถ re-พิมพ์จากภายในหน้ารายละเอียดการสั่งซื้อ. <br /> จุดมุ่งหมายคือการหลีกเลี่ยงการจัดส่งคำสั่งเดียวกันหลายครั้งโดยไม่ได้ตั้งใจ"
"If supplier 'logged in', do what with other suppliers products?","หากผู้จัดจำหน่าย 'เข้าสู่ระบบ' ทำอะไรกับซัพพลายเออร์ผลิตภัณฑ์อื่น ๆ ?"
"If you get long addresses that spill over the edge of your label, set this number to force a linebreak","หากคุณได้รับที่อยู่มานานแล้วว่าการรั่วไหลเกินขอบของป้ายชื่อของคุณตั้งค่าหมายเลขนี้เพื่อบังคับ LINEBREAK"
"If you ship a lot of single items, this can help alert your shipping staff that","หากคุณจัดส่งจำนวนมากของรายการเดียวนี้จะช่วยเตือนให้พนักงานจัดส่งของคุณว่า"
"If you ship a lot of single items, this can help alert your shipping staff that there's more than one!","หากคุณจัดส่งจำนวนมากของรายการเดียวนี้จะช่วยเตือนให้พนักงานจัดส่งของคุณว่ามีมากกว่าหนึ่ง!"
"If you're using shipEasy, and have setup any of the 3 custom flag columns, you can show the value.","หากคุณกำลังใช้ shipEasy และมีการตั้งค่าใด ๆ ของคอลัมน์ธง 3 กำหนดเองคุณสามารถแสดงค่า"
"Image behind return address?","ภาพที่อยู่เบื้องหลังที่อยู่ผู้ส่ง?"
"Image behind ship address?","ภาพที่อยู่เบื้องหลังที่อยู่เรือ?"
"Image border color","สีของภาพชายแดน"
"Image file","ไฟล์ภาพ"
"Image nudge","เขยิบภาพ"
"Image position nudge","ตำแหน่งภาพดุน"
"Images column title","ชื่อภาพคอลัมน์"
"Import","นำเข้า"
"In positionable box (handy for tear-off labels)","ในกล่องตำแหน่งได้ (มีประโยชน์สำหรับป้ายฉีกออก)"
"Incl.","รวม"
"Include customer phone in addresses?","มีโทรศัพท์ลูกค้าในที่อยู่?"
"Include discount?","รวมส่วนลด?"
"Include discounts in product line price","รวมส่วนลดราคาสายผลิตภัณฑ์"
"Include Order ID in filename for single page print?","รวมถึงรหัสการสั่งซื้อในชื่อไฟล์สำหรับการพิมพ์หน้าเดียว?"
"Include Order ID in filename for single page prints?","รวมถึงรหัสการสั่งซื้อในชื่อไฟล์สำหรับการพิมพ์หน้าเดียว?"
"Include order notes?","รวมถึงการบันทึกการสั่งซื้อ"
"Include shipping country in addresses?","รวมค่าจัดส่งในประเทศอยู่?"
"Include tax in 'Shipping'?","รวมภาษีในการจัดส่งสินค้า '?"
"Include Tax in Price?","รวมภาษีในราคา?"
"Include Tax in Shipping Price?","รวมภาษีในการจัดส่งสินค้าราคา?"
"Include tax in value?","รวมภาษีมูลค่า?"
"Include tax?","รวมภาษี?"
"Installation Server","การติดตั้งเซิร์ฟเวอร์"
"Invert some of the title colors...","กลับบางส่วนของสีชื่อ ..."
"Invoice Address","ที่อยู่ใบแจ้งหนี้"
"Invoice Date","วันที่ใบแจ้งหนี้"
"Invoice ID?","ID Invoice ได้อย่างไร?"
"Invoice Number","เลขใบสั่งของ"
"Invoice Options","ตัวเลือกใบแจ้งหนี้"
"Invoiced Date","วันที่ออกใบแจ้งหนี้"
"Is this included in the Subtotal?","อยู่ในนี้รวมอยู่ในยอดรวมหรือไม่"
"Italic","ตัวเอียง"
"Item Count","จำนวนรายการสินค้า"
"Items column title","คอลัมน์ชื่อรายการ"
"Items count?","รายการนับ?"
"Label","ฉลาก"
"Label height","ความสูงของป้าย"
"Label margins","อัตรากำไรขั้นต้นฉลาก"
"Label Nudge","เขยิบฉลาก"
"Label padding","padding ฉลาก"
"Label width","ความกว้างของฉลาก"
"Layout template","แม่แบบเค้าโครง"
"License","การอนุญาต"
"License Key","คีย์ใบอนุญาต"
"Line above fixed footer image?","สายเหนือภาพท้ายถาวร?"
"Line widths","ความกว้างของเส้น"
"Lock image to page base?","ล็อคภาพไปยังฐานหน้า?"
"Logo position","ตำแหน่งโลโก้"
"Low-res","ความละเอียดต่ำ"
"Magento Order ID","วีโอไอพีรหัสการสั่งซื้อ"
"Main Image","ภาพหลัก"
"Makes gift orders a bit happier-looking by adding a special image on the message box.","ทำให้คำสั่งซื้อของที่ระลึกบิตมีความสุขมองโดยการเพิ่มภาพพิเศษในกล่องข้อความ"
"Manual description 1","คำอธิบายคู่มือการใช้งาน 1"
"Margin (from right)","อัตรากำไรขั้นต้น (จากขวา)"
"Margin (from right) for flat-address","อัตรากำไรขั้นต้น (จากขวา) สำหรับแบนอยู่"
"Marketplace Order ID","ตลาดรหัสการสั่งซื้อ"
"Match shipping description :","ตรงกับคำอธิบายการจัดส่ง:"
"Match text:","ข้อความที่แข่งขัน:"
"Max address width (pt)","แม็กซ์กว้างอยู่ (PT)"
"Max dimensions","ขนาดแม็กซ์"
"Max weight per box","แม็กซ์น้ำหนักต่อกล่อง"
"Max width","ความกว้างสูงสุด"
"Messages","ข้อความ"
"Middle of page","ตรงกลางของหน้า"
"Min. weight to hide shipment method and put 'Pallet'","นาที. น้ำหนักที่จะซ่อนวิธีการจัดส่งและนำ 'พาเลท'"
"Minimum stock qty","จำนวนหุ้นขั้นต่ำ"
"Moogento","Moogento"
"Moogento pickPack","Moogento pickPack"
"Moogento pickPack : CSV (Order-combined Products)","Moogento pickPack: CSV (สินค้าสั่งซื้อรวมกัน)"
"Moogento pickPack : CSV (Order-separated Products)","Moogento pickPack: CSV (สั่งแยก Products)"
"Moogento pickPack : CSV (Orders)","Moogento pickPack: CSV (คำสั่งซื้อ)"
"Moogento pickPack : CSV/XML (Cargo Manifest)","Moogento pickPack: CSV / XML (Cargo Manifest)"
"Moogento pickPack : PDF (Address Labels)","Moogento pickPack: PDF (ป้ายชื่อที่อยู่)"
"Moogento pickPack : PDF (CN22 Labels)","Moogento pickPack: PDF (CN22 ฉลาก)"
"Moogento pickPack : PDF (Gift Message)","Moogento pickPack: PDF (ของขวัญข้อความ)"
"Moogento pickPack : PDF (Invoice and Packing Sheet)","Moogento pickPack: PDF (ใบแจ้งหนี้และแผ่นบรรจุ)"
"Moogento pickPack : PDF (Invoice)","Moogento pickPack: PDF (ใบแจ้งหนี้)"
"Moogento pickPack : PDF (Order-combined Picklist)","Moogento pickPack: PDF (คำสั่งซื้อรวม picklist)"
"Moogento pickPack : PDF (Order-separated Picklist)","Moogento pickPack: รูปแบบไฟล์ PDF (สั่งแยก picklist)"
"Moogento pickPack : PDF (Orders Summary)","Moogento pickPack: PDF (คำสั่งซื้อสรุป)"
"Moogento pickPack : PDF (Packing Sheet)","Moogento pickPack: PDF (บรรจุแผ่น)"
"Moogento pickPack : PDF (Product-separated Picklist)","Moogento pickPack: PDF (Product-แยก picklist)"
"Moogento pickPack : PDF (Troylleybox Picklist)","Moogento pickPack: PDF (Troylleybox picklist)"
"Moogento pickPack : PDF (Zebra Labels)","Moogento pickPack: PDF (ม้าลายฉลาก)"
"Moogento pickPack : PDF/CSV (Out-of-stock List)","Moogento pickPack: PDF / CSV (ออกจากสต็อกรายการ)"
"Multiplier Attribute","แอตทริบิวต์คูณ"
"Multiplies product price by set multiplication factor. Eg. use to show product price limit for substitutions in pick","ราคาสินค้าคูณชุดปัจจัยคูณ เช่น. ใช้ในการแสดงวงเงินราคาสินค้าแทนในการเลือก"
"Multiplies product price by set multiplication factor.<br />Eg. use to show product price limit for substitutions in pick","ราคาสินค้าคูณโดยปัจจัยชุดคูณ. <br /> เช่น ใช้ในการแสดงวงเงินราคาสินค้าแทนในการเลือก"
"Multiply prices by attribute?","คูณราคาแอตทริบิวต์?"
"Name from Order","ชื่อจากการสั่งซื้อสินค้า"
"Name from Product > Default Store","จากชื่อสินค้า> เริ่มต้นร้าน"
"Name from Product > Order Store *Default*","จากชื่อสินค้า> ร้านค้าสั่งซื้อ * * * * * * * * เริ่มต้น"
"Name from Product > Specific Store","จากชื่อสินค้า> ร้านค้าเฉพาะ"
"New page per order?","หน้าใหม่ต่อการสั่งซื้อ?"
"New PDF per name?","รูปแบบไฟล์ PDF ใหม่ต่อชื่อ?"
"No","ไม่"
"No (default)","ไม่มี (เริ่มต้น)"
"No of Items per page","ไม่มีรายการต่อหน้า"
"No, include all items in order","ไม่รวมรายการทั้งหมดในการสั่งซื้อ"
"No, include it in the product price","ไม่รวมอยู่ในราคาสินค้า"
"No, include it in the product price (but also show a tax subtotal summary)","ไม่รวมอยู่ในราคาสินค้า ( แต่ยังแสดงให้เห็นสรุปผลรวมย่อยภาษี)"
"No, move other items to new line (+ keep linebreaks)","ไม่ย้ายรายการอื่น ๆ เพื่อขึ้นบรรทัดใหม่ (+ ให้ขึ้นบรรทัดใหม่)"
"No, without Tax","ไม่มี, ไม่เสียภาษี"
"None","ไม่มี"
"Normal' Dimensions:  269<b style="color:red;">pt</b> x 41<b style="color:red;">pt</b> @ 300dpi<br />","ปกติ 'ขนาด: 269 <b style = "สี: สีแดง;"> <style B = "สี: สีแดง;"> PT </ b> x 41 PT </ b> @ 300dpi <br />"
"Not recommended... Use at your own risk...","ไม่แนะนำให้ใช้ ... ใช้ที่มีความเสี่ยงของคุณเอง ..."
"Nudge","ดุน"
"Nudge 'Packed 2 by' note","เขยิบ 'บรรจุ 2 โดย' โน้ต"
"Nudge 'Packed by' text","เขยิบ 'บรรจุโดย' ข้อความ"
"Nudge <b>autoCN22</b> label","เขยิบ <b> autoCN22 </ b> ฉลาก"
"Nudge 2nd address","เขยิบอยู่ที่ 2"
"Nudge 2nd barcode","เขยิบบาร์โค้ด 2"
"Nudge 2nd custom title","เขยิบชื่อที่กำหนดเอง 2"
"Nudge 2nd image","เขยิบภาพที่ 2"
"Nudge address","ที่อยู่เขยิบ"
"Nudge background image","ภาพพื้นหลังดุน"
"Nudge barcode","เขยิบบาร์โค้ด"
"Nudge CN22 label","เขยิบฉลาก CN22"
"Nudge company address","ที่อยู่ของ บริษัท ดุน"
"Nudge details","เขยิบรายละเอียด"
"Nudge entire label","เขยิบป้ายทั้งหมด"
"Nudge fixed image","เขยิบภาพคงที่"
"Nudge flat-address","เขยิบแบนอยู่"
"Nudge gift message","ข้อความที่ระลึกดุน"
"Nudge image","ภาพดุน"
"Nudge label image","ภาพป้ายดุน"
"Nudge logo","โลโก้ดุน"
"Nudge Order ID","เขยิบรหัสการสั่งซื้อ"
"Nudge Order ID barcode","เขยิบบาร์โค้ดรหัสคำสั่งซื้อ"
"Nudge order notes","เขยิบบันทึกการสั่งซื้อ"
"Nudge product line","สายผลิตภัณฑ์ดุน"
"Nudge qr-code (1)","เขยิบ QR-Code (1)"
"Nudge qr-code (2)","เขยิบรหัส QR (2)"
"Nudge return address","ที่อยู่ผู้ส่งดุน"
"Nudge return label","ฉลากผลตอบแทนดุน"
"Nudge Rotated Product List","เขยิบรายการหมุนสินค้า"
"Nudge shelving","เขยิบเก็บเข้าลิ้นชัก"
"Nudge shipping address","เขยิบที่อยู่จัดส่ง"
"Nudge shipping address only","เขยิบที่อยู่จัดส่งเท่านั้น"
"Nudge supplier attribute","แอตทริบิวต์ผู้จัดจำหน่ายดุน"
"Nudge title","เขยิบชื่อ"
"Nudge tracking barcode","เขยิบติดตามบาร์โค้ด"
"Nudge tracking number","เขยิบหมายเลขการติดตาม"
"Nudge Zipcode barcode","เขยิบบาร์โค้ดรหัสไปรษณีย์"
"Nudge' Packed by' note","เขยิบ 'บรรจุโดย' หมายเหตุ"
"Number product list?","รายการสินค้าจำนวน?"
"Only print once?","เพียงพิมพ์ครั้ง?"
"Only process orders matching shipEasy attribute?","เพียงสั่งซื้อขั้นตอนการจับคู่ shipEasy แอตทริบิวต์?"
"Operand?","ถูกดำเนินการ?"
"Order Attribute","แอตทริบิวต์การสั่งซื้อสินค้า"
"Order attribute code","รหัสแอตทริบิวต์การสั่งซื้อสินค้า"
"Order attribute code:","รหัสแอตทริบิวต์สั่งซื้อ:"
"Order Attribute Value","การสั่งซื้อสินค้าค่าแอตทริบิวต์"
"Order Comments","สั่งซื้อความคิดเห็น"
"Order custom attribute?","สั่งซื้อแอตทริบิวต์ที่กำหนดเอง?"
"Order date","วันสั่ง"
"Order date X-pos.","วันที่สั่งซื้อ X-POS"
"Order Date?","วันสั่ง?"
"Order ID (Footer) X-pos.","รหัสการสั่งซื้อ (ส่วนท้าย) X-POS"
"Order ID X-pos.","รหัสคำสั่งซื้อ X-POS"
"Order ID?","รหัสการสั่งซื้อ?"
"Order of subtotals","คำสั่งของผลรวมย่อย"
"Order Source","แหล่งที่มาของการสั่งซื้อสินค้า"
"Order Source?","สั่งซื้อมา?"
"Order-combined Pick List Options","การสั่งซื้อรวมรายการตัวเลือกเลือก"
"Order-separated Pick List Options","สั่งซื้อแยกตัวเลือกรายการเลือก"
"Orders with In Stock Items Only","คำสั่งซื้อที่มีรายการในร้านค้าเฉพาะ"
"Others?","คนอื่น ๆ ?"
"Output as PDF or CSV?","ออกเป็น PDF หรือ CSV?"
"Output Excel XML file (instead of CSV)","การส่งออก Excel ไฟล์ XML (แทน CSV)"
"Output Filenames","ชื่อไฟล์เอาท์พุท"
"Output only these suppliers (Hide/Grey-out others)","สัญญาณออกเท่านั้นซัพพลายเออร์เหล่านี้ (ซ่อน / สีเทาออกอื่น ๆ )"
"Output only this supplier (Hide/Grey-out others) . . . Leave blank to auto-split all suppliers","การส่งออกเพียงผู้จัดหาสินค้านี้ (ซ่อน / สีเทาออกอื่น ๆ ) . . เว้นว่างไว้เพื่ออัตโนมัติแยกซัพพลายเออร์ทั้งหมด"
"Override 'Minimum stock qty'","แทนที่ 'จำนวนหุ้นขั้นต่ำ'"
"Override default address formatting?","แทนที่การจัดรูปแบบที่อยู่เริ่มต้น?"
"Override default address layout?","แทนที่รูปแบบที่อยู่เริ่มต้น?"
"Override filter notes messages","กรองแทนที่บันทึกข้อความ"
"Override stock qty output with location-specific stock?","แทนที่การส่งออกจำนวนหุ้นที่มีหุ้นเฉพาะสถานที่?"
"Override' Minimum stock qty'","แทนที่ 'จำนวนหุ้นขั้นต่ำ'"
"Packing  Sheet Products : Separating Vertical Line Color","บรรจุผลิตภัณฑ์แผ่น: แยกแนวตั้ง Color Line"
"Packing Sheet Options","ตัวเลือกการบรรจุแผ่น"
"Packing Sheet Products : Separating Line Color","บรรจุผลิตภัณฑ์แผ่น: แยก Color Line"
"Packing Sheet Products : Separating Vertical Line Color","บรรจุผลิตภัณฑ์แผ่น: แยกแนวตั้ง Color Line"
"Padding","การขยายความ"
"Page 1 Product-lines cutoff Y-pos","หน้า 1 สินค้าเส้นตัด Y-POS"
"Page 1 products cutoff position","หน้า 1 ผลิตภัณฑ์ตำแหน่งทางลัด"
"Page Body : Color","หน้าบอดี้: สี"
"Page Body : Font","บอดี้หน้า: ตัวอักษร"
"Page Body : Size","บอดี้หน้า: ขนาด"
"Page Body : Style","บอดี้เพจ: สไตล์"
"Page padding","หน้า padding"
"page padding","padding หน้า"
"Page size","ขนาดหน้า"
"Page template :","แม่แบบหน้า:"
"Page title : Color","ชื่อหน้า: สี"
"Page title : Font","ชื่อหน้า: ตัวอักษร"
"Page title : Size","ชื่อหน้า: ขนาด"
"Page title : Style","ชื่อเพจ: สไตล์"
"Paid Date","วันที่ชำระเงิน"
"Paid Date?","ชำระเงินวันที่?"
"Pallet 'go' weight","พาเลท 'ไป' น้ำหนัก"
"Pallet' go' weight","พาเลท 'ไป' น้ำหนัก"
"Paper height","ความสูงของกระดาษ"
"Paper margins","อัตรากำไรขั้นต้นกระดาษ"
"Partially: lines top & bottom","บางส่วน: เส้นด้านบนและด้านล่าง"
"Pattern text","ข้อความแบบ"
"Pattern to match :","เพื่อให้ตรงกับรูปแบบ:"
"Payment","การชำระเงิน"
"Payment method?","วิธีการชำระเงิน?"
"PDF (Address Labels)","PDF (ป้ายชื่อที่อยู่)"
"PDF (Address Labels)?","PDF (ป้ายชื่อที่อยู่)?"
"PDF (CN22 Labels)","PDF (CN22 ฉลาก)"
"PDF (CN22 Labels)?","PDF (ฉลาก CN22)?"
"PDF (Gift Message)","PDF (ของขวัญข้อความ)"
"PDF (Gift Message)?","PDF (ของขวัญข้อความ)?"
"PDF (Invoice & Packing Sheet)","PDF (ใบแจ้งหนี้ & แผ่นบรรจุ)"
"PDF (Invoice and Packing Sheet)?","PDF (ใบแจ้งหนี้และแผ่นบรรจุ)?"
"PDF (Invoice)","PDF (ใบแจ้งหนี้)"
"PDF (Invoice)?","PDF (ใบแจ้งหนี้)?"
"PDF (Order-combined Picklist)","PDF (คำสั่งซื้อรวม picklist)"
"PDF (Order-combined Picklist)?","PDF (คำสั่งซื้อรวม picklist)?"
"PDF (Order-separated Picklist)","รูปแบบไฟล์ PDF (สั่งแยก picklist)"
"PDF (Order-separated Picklist)?","รูปแบบไฟล์ PDF (สั่งแยก picklist)?"
"PDF (Orders Summary)","PDF (คำสั่งซื้อสรุป)"
"PDF (Orders Summary)?","PDF (คำสั่งซื้อสรุป)?"
"PDF (Out-of-stock List)","PDF (ออกจากสต็อกรายการ)"
"PDF (Out-of-stock List)?","PDF (ออกจากสต็อกรายการ)?"
"PDF (Packing Sheet)","PDF (แผ่นบรรจุ)"
"PDF (Packing Sheet)?","PDF (บรรจุแผ่น)?"
"PDF (Product-separated Picklist)","PDF (Product-แยก picklist)"
"PDF (Product-separated Picklist)?","PDF (Product-แยก picklist)?"
"PDF (Trolleybox Picklist)","PDF (Trolleybox picklist)"
"PDF (Trolleybox Picklist)?","PDF (Trolleybox picklist)?"
"PDF (Zebra Labels)","PDF (ม้าลายฉลาก)"
"PDF (Zebra Labels)?","PDF (ฉลากม้าลาย)?"
"PDF Address-label Sheet","รูปแบบไฟล์ PDF แผ่นป้ายที่อยู่"
"PDF Gift Message","ข้อความ PDF ของขวัญ"
"PDF Invoice","รูปแบบไฟล์ PDF ใบแจ้งหนี้"
"PDF Invoice &amp; Packing Sheet' Sort","รูปแบบไฟล์ PDF ใบแจ้งหนี้ & amp; บรรจุแผ่น 'เรียง"
"PDF Letter","จดหมายรูปแบบไฟล์ PDF"
"PDF Order-combined Picklist","รูปแบบไฟล์ PDF การสั่งซื้อรวม picklist"
"PDF Order-separated Picklist","รูปแบบไฟล์ PDF สั่งซื้อแยก picklist"
"PDF Orders Summary","สั่งซื้อรูปแบบไฟล์ PDF อย่างย่อ"
"PDF Packing Sheet","แผ่นบรรจุในรูปแบบ PDF"
"PDF Packing Sheet + Invoice","รูปแบบไฟล์ PDF บรรจุแผ่น + ใบแจ้งหนี้"
"PDF page size","ขนาดหน้า PDF"
"PDF Product-separated Picklist","PDF สินค้าแยก picklist"
"PDF Zebra Label","รูปแบบไฟล์ PDF ม้าลายฉลาก"
"PDF/CSV (Out-of-stock List)","PDF / CSV (ออกจากสต็อกรายการ)"
"PDF/CSV Out-of-stock List","PDF / CSV ออกจากสต็อกรายการ"
"PDF/CSV Out-of-stock List Options","PDF / CSV ออกจากสต็อกรายการตัวเลือก"
"Pick Lists only","เลือกรายการเท่านั้น"
"pickPack","pickPack"
"pickPack Validation Key","pickPack การตรวจสอบที่สำคัญ"
"Pickup Date","วันที่รถกระบะ"
"Pickup Store Address","ที่อยู่เก็บรถกระบะ"
"Pickup Store Email","เก็บรถกระบะอีเมล์"
"Pickup Store ID","ID เก็บรถกระบะ"
"Pickup Store Phone","โทรศัพท์เก็บรถกระบะ"
"Pickup Time","เวลารถกระบะ"
"Position","ตำแหน่ง"
"Position custom text box","ตำแหน่งกล่องข้อความที่กำหนดเอง"
"Position of custom attributes","ตำแหน่งของแอตทริบิวต์ที่กำหนดเอง"
"Position of notes :","ตำแหน่งของบันทึก:"
"Position of shelving info","ตำแหน่งของข้อมูลที่เก็บเข้าลิ้นชัก"
"Position the addresses exactly - for integrated labels","ตำแหน่งที่อยู่ตรง - สำหรับป้ายชื่อแบบบูรณาการ"
"Position the message box exactly","ตำแหน่งกล่องข้อความว่า"
"Positionable box position","ตำแหน่งกล่อง positionable"
"Pre-cells","Pre-เซลล์"
"Price column title","ชื่อคอลัมน์ราคา"
"Price position","ตำแหน่งราคา"
"Price X-pos.","ราคา X-POS"
"Prices","ราคา"
"Prices converted from","ราคาดัดแปลงมาจาก"
"Print All?","พิมพ์ทั้งหมด?"
"Print barcode in separate line?","บาร์โค้ดพิมพ์ในบรรทัดที่แยกต่างหาก?"
"Print Condition","สภาพพิมพ์"
"Print Credit Memos?","พิมพ์บันทึกเครดิต?"
"Print Invoices?","พิมพ์ใบแจ้งหนี้?"
"Print orders once only?","คำสั่งพิมพ์ครั้งเดียวเท่านั้น?"
"Print Packingslips?","พิมพ์ Packingslips?"
"Print products label after address label?","ฉลากผลิตภัณฑ์ด้านการพิมพ์ฉลากหลังจากอยู่?"
"Print resolution","ความละเอียดการพิมพ์"
"Print Shipping Labels?","พิมพ์ฉลากการจัดส่งสินค้า?"
"Print supplier attribute?","ผู้จัดจำหน่ายพิมพ์แอตทริบิวต์?"
"Priority of custom attribute grouping","ลำดับความสำคัญของการจัดกลุ่มแอตทริบิวต์ที่กำหนดเอง"
"Process date?","วันที่กระบวนการ?"
"Process orders that include out-of-stock items?","คำสั่งกระบวนการที่รวมรายการออกจากสต็อก?"
"Processing schedule","ตารางเวลาการประมวลผล"
"Product Category Label","ประเภทสินค้าฉลาก"
"Product discount title","ชื่อส่วนลดสินค้า"
"Product discount title?","ชื่อส่วนลดสินค้า?"
"Product gift message xpos","xpos ข้อความที่ระลึกสินค้า"
"Product id below barcode font-size","รหัสสินค้าบาร์โค้ดด้านล่าง font-size"
"Product images?","ภาพสินค้า?"
"Product line nudge","ดุนสายผลิตภัณฑ์"
"Product line total title","สายผลิตภัณฑ์ชื่อทั้งหมด"
"Product line total title?","สายผลิตภัณฑ์ชื่อทั้งหมด?"
"Product list sort direction :","สินค้าทิศทางรายการเรียงลำดับตาม:"
"Product list titlebar padding bot","รายการสินค้าบอ titlebar padding"
"Product list titlebar padding top","รายการสินค้าด้านบน titlebar padding"
"Product Name","ชื่อผลิตภัณฑ์"
"Product name position","ตำแหน่งชื่อสินค้า"
"Product name X-pos.","ชื่อสินค้า X-POS"
"Product name?","ชื่อผลิตภัณฑ์?"
"Product names or attributes contain non-roman characters?","ชื่อผลิตภัณฑ์หรือแอตทริบิวต์ประกอบด้วยอักขระที่ไม่ใช่โรมัน?"
"Product Options : Size","สินค้าตัวเลือก: ขนาด"
"Product options?","ตัวเลือกสินค้า?"
"Product Price x","ราคาสินค้า X"
"Product SKU barcode?","สินค้ารหัสสินค้าบาร์โค้ด?"
"Product SKU below barcode font-size","รหัสสินค้าบาร์โค้ดด้านล่าง font-size"
"Product SKU below barcode?","รหัสสินค้าด้านล่างบาร์โค้ด?"
"Product weight?","น้ำหนักสินค้า?"
"Product-price Multiplier","คูณราคาสินค้า"
"Pull from custom attribute","ดึงจากแอตทริบิวต์ที่กำหนดเอง"
"Purchase order #?","ใบสั่งซื้อ #?"
"Put in separate column","ใส่ในคอลัมน์ที่แยกต่างหาก"
"Puts in total weight, shipping carrier, payment method","ทำให้น้ำหนัก, บริการจัดส่งสินค้าวิธีการชำระเงินทั้งหมด"
"q(Qty left to ship), s(Qty shipped), o(Qty ordered)","Q (จำนวนที่เหลือจะจัดส่ง), S (จำนวนการจัดส่ง) O (จำนวนสั่งซื้อ)"
"Qty column title","ชื่อคอลัมน์จำนวน"
"Qty invoiced","จำนวนใบแจ้งหนี้"
"Qty left to ship","จำนวนที่เหลือจะจัดส่ง"
"Qty X-pos.","จำนวน X-POS"
"Quote all values in CSV exports?","อ้างค่าทั้งหมดในการส่งออก CSV?"
"Recalculate","คำนวณ"
"Recommend for long SKU","ขอแนะนำให้นาน SKU"
"Reformat address?","ฟอร์แมตอยู่?"
"Reformat?","ฟอร์แมต?"
"Regular","ปกติ"
"Remove accents from letters in address?","นำสำเนียงจากตัวอักษรที่อยู่ใน?"
"Remove product tax from subtotal?","นำภาษีสินค้าจากผลรวมย่อย?"
"Remove shipping tax from","นำภาษีจากการจัดส่งสินค้า"
"Remove shipping tax from subtotal?","นำภาษีที่จัดส่งจากผลรวมย่อย?"
"Remove shipping tax from tax","นำภาษีที่จัดส่งจากภาษี"
"Repeat gift message?","ข้อความที่ระลึกทำซ้ำ?"
"Replace Default ERP Invoice with pickPacks?","เปลี่ยนค่าเริ่มต้นใบแจ้งหนี้ ERP กับ pickPacks?"
"Replace Default ERP Packing Sheet with the one from pickPack?","แทนที่เริ่มต้น ERP แผ่นบรรจุกับหนึ่งจาก pickPack หรือไม่"
"Reset","รีเซ็ต"
"Return address","ที่อยู่ผู้ส่ง"
"return address - Default","ที่อยู่ผู้ส่ง - เริ่มต้น"
"return address - Group 1","ที่อยู่ผู้ส่ง - กลุ่มที่ 1"
"return address - Group 2","ที่อยู่ผู้ส่ง - กลุ่มที่ 2"
"return address - Group 3","ที่อยู่ผู้ส่ง - กลุ่มที่ 3"
"Return Address Label : Color","กลับมาอยู่ป้ายชื่อ: สี"
"Return Address Label : Font","กลับมาอยู่ป้ายชื่อ: ตัวอักษร"
"Return Address Label : Size","ป้ายชื่อที่อยู่ผู้ส่ง: ขนาด"
"Return Address Label : Style","กลับมาอยู่ป้ายชื่อ: สไตล์"
"Return address text","ข้อความที่อยู่ผู้ส่ง"
"Right","ขวา"
"Right Margin X","Margin ขวา X"
"Rotate <b>autoCN22</b> page?","หมุน <b> autoCN22 </ b> หน้า?"
"Rotate entire label?","หมุนป้ายทั้งหมด?"
"Rotate label?","หมุน Label?"
"Rotate Product list","รายการสินค้าหมุน"
"Rotate return address?","หมุนกลับมาอยู่?"
"Rotate?","หมุน?"
"Round cost by ? decimal places","ค่าใช้จ่ายรอบด้วย? ตำแหน่งทศนิยม"
"Round custom attribute numbers?","หมายเลขแอตทริบิวต์ที่กำหนดเองรอบ?"
"Round weight by ? decimal places","น้ำหนักรอบด้วย? ตำแหน่งทศนิยม"
"Rounding to 2 decimals can work well for price display.<br /><i>Default: No</i>","ปัดเศษทศนิยม 2 สามารถทำงานได้ดีสำหรับการแสดงผลราคา <br /> <i> เริ่มต้น: no. </ i>"
"Rule 1?","กฎข้อที่ 1?"
"Rule 2?","กฎข้อที่ 2?"
"Rules are processed in order from low to high priority numbers.<br/>","กฎมีการประมวลผลในการสั่งซื้อจากต่ำไปหมายเลขลำดับความสำคัญสูง. <br/>"
"Scale Shipping Labels","ป้ายกำกับมาตราส่วนการจัดส่งสินค้า"
"Seeing tofu : <b style="font-size:200%;font-weight:100;display:inline;position:relative;top:5px;">&#9647;</b>?","เห็นเต้าหู้: <สไตล์ B = "font-size: 200%; font-weight: 100 แสดง: อินไลน์; ตำแหน่ง: ญาติ; ด้านบน: 5px;"> & # 9647; </ b>"
"Select Order Attribute To Update","เลือกคำสั่งซื้อแอตทริบิวต์การปรับปรุง"
"Separate multiple matches by comma.'","การแข่งขันหลายเฉพาะกิจด้วยเครื่องหมายจุลภาค."
"Seperator 1?","คั่น 1?"
"Seperator 2?","คั่น 2?"
"Server Name","ชื่อเซิร์ฟเวอร์"
"Set in 'Shipping Labels' section","ตั้งอยู่ในส่วน "การจัดส่งสินค้าฉลาก '"
"Set in 'Shipping Labels' section<br />Enable this to show eg. Royal Mail PPI labels","ตั้งอยู่ใน 'การจัดส่งสินค้าฉลาก' <br /> ส่ว​​นการเปิดใช้งานนี้เพื่อแสดงเช่น ป้ายรอยัลเมล์ PPI"
"Set Internal Printed Flag?","ตั้งภายในพิมพ์ธง?"
"Set the currency symbol","ตั้งค่าสัญลักษณ์สกุลเงิน"
"Set to Low to keep filesize low (but background image blurred), set to High to get a sharp background (and larger filesize)","ตั้งค่าให้ต่ำเพื่อให้ต่ำขนาดไฟล์ ( แต่ภาพพื้นหลังเบลอ) กำหนดให้สูงเพื่อให้ได้พื้นหลังคมชัด (และขนาดไฟล์ขนาดใหญ่)"
"Settings File","การตั้งค่าไฟล์"
"Shelving attribute","เก็บเข้าลิ้นชักแอตทริบิวต์"
"Shelving position","ชั้นวางตำแหน่ง"
"Shelving Xpos","ชั้นวาง Xpos"
"Shift Bundle Children Xpos","เปลี่ยน Bundle เด็ก Xpos"
"Ship Date","วันที่จัดส่ง"
"shipEasy Connection","การเชื่อมต่อ shipEasy"
"shipEasy Connection","การเชื่อมต่อ shipEasy"
"shipEasy flag column #","shipEasy คอลัมน์ธง #"
"shipEasy flag value?","ค่าธง shipEasy?"
"Shipping Address","ที่อยู่จัดส่ง"
"Shipping address padding","การจัดส่งสินค้าที่อยู่ padding"
"Shipping address phone?","การจัดส่งสินค้าที่อยู่โทรศัพท์?"
"Shipping address title","ชื่อที่อยู่จัดส่ง"
"Shipping Date?","การจัดส่งสินค้าวันที่?"
"Shipping Image #1","การจัดส่งสินค้าภาพ # 1"
"Shipping Image #2","การจัดส่งสินค้าภาพ # 2"
"Shipping Image #3","การจัดส่งสินค้าภาพ # 3"
"Shipping Labels","การจัดส่งป้าย"
"Shipping Method (Default)","วิธีการจัดส่ง (Default)"
"Shipping method?","วิธีการจัดส่งสินค้า?"
"Shipping options?","ตัวเลือกการจัดส่งสินค้า?"
"Shipping Type","ประเภทการจัดส่งสินค้า"
"Shipping/Billing Title : Style","ชื่อเรื่องการจัดส่งสินค้า / การเรียกเก็บเงิน: สไตล์"
"Shipping/Billing title position","การจัดส่งสินค้า / การเรียกเก็บเงินชื่อตำแหน่งงาน"
"Show","แสดง"
"Show 'Allowance'?","แสดง 'ค่าเผื่อ'?"
"Show 'Message B' for this group :","แสดง 'ข้อความ B' สำหรับกลุ่มนี้:"
"Show 'Message B' for this group :","แสดง 'ข้อความ B' สำหรับกลุ่มนี้:"
"Show 'Packed 2 by' note?","แสดง 'บรรจุ 2 โดย' ทราบ?"
"Show 'Packed by' note?","แสดง 'บรรจุโดย' ทราบ?"
"Show 'Packed by' note?","แสดง 'บรรจุโดย' ทราบ?"
"Show 'total item count'?","แสดง 'นับรวมรายการ'?"
"Show 'total order count'?","แสดง 'นับรวมการสั่งซื้อ'?"
"Show 'total paid'?","แสดง 'ทั้งหมดที่จ่าย'?"
"Show 'total shipping paid'?","แสดง 'การจัดส่งสินค้าทั้งหมดที่จ่าย'?"
"Show 'Total Taxed Product Value'?","แสดง 'รวมหักภาษีค่าผลิตภัณฑ์'?"
"Show 'Total UnTaxed Product Value'?","แสดง 'รวมทั้งสิ้นไม่ต้องเสียภาษีค่าผลิตภัณฑ์'?"
"Show #Order or #Invoice","แสดง #Order หรือ #Invoice"
"Show 0 qty items?","แสดง 0 จำนวนรายการ?"
"Show 2nd attribute?","แสดงแอตทริบิวต์ที่ 2?"
"Show 2nd order custom attribute?","แสดงแอตทริบิวต์ที่กำหนดเอง 2 คำสั่ง?"
"Show 2nd Order ID?","แสดงรหัสการสั่งซื้อครั้งที่ 2?"
"Show 2nd qrcode?","แสดง QRCode 2?"
"Show 2nd?","แสดง 2?"
"Show 3rd attribute?","แสดงแอตทริบิวต์ที่ 3?"
"Show address in product label?","แสดงที่อยู่ในฉลากของผลิตภัณฑ์?"
"Show advanced options?","แสดงตัวเลือกขั้นสูง?"
"Show Aitoc Checkout Fields?","แสดง Aitoc ทุ่งกร้า?"
"Show Amasty Order Attributes?","แสดง Amasty สั่งซื้อคุณสมบัติ?"
"Show Amasty order delivery date?","แสดงวันที่ส่งคำสั่ง Amasty?"
"Show another attribute?","แสดงแอตทริบิวต์อื่นได้หรือไม่"
"Show as Icon?","แสดงเป็นไอคอน?"
"Show attribute titles?","แสดงแอตทริบิวต์ชื่อ?"
"Show barcode SKU?","แสดงบาร์โค้ด SKU?"
"Show Base Currency values in Subtotals?","แสดงค่าสกุลเงินหลักในผลรวมย่อย?"
"Show BetaBoxes?","แสดง BetaBoxes?"
"Show billing address at top?","แสดงอยู่เรียกเก็บเงินที่ด้านบน?"
"Show billing address?","แสดงอยู่เรียกเก็บเงิน?"
"Show billing phone under shipping address ?","แสดงโทรศัพท์เรียกเก็บเงินใต้ที่อยู่จัดส่ง?"
"Show billing phone?","แสดงการเรียกเก็บเงินโทรศัพท์?"
"Show Box 1?","แสดงกล่อง 1?"
"Show Box 2?","แสดงกล่อง 2?"
"Show Box 3?","แสดงช่อง 3 หรือไม่?"
"Show box estimation?","แสดงการประมาณค่ากล่อง?"
"Show brackets around tax?","แสดงวงเล็บรอบภาษีได้หรือไม่"
"Show bundle parent?","แสดงให้ผู้ปกครองกำ?"
"Show bundle parents?","แสดงผู้ปกครองกำ?"
"Show bundle product children?","แสดงสินค้าเด็กกำ?"
"Show column titles?","แสดงชื่อคอลัมน์?"
"Show cost subtotal?","แสดงผลรวมย่อยมีค่าใช้จ่าย?"
"Show Currency Exchange Rate in Subtotals?","แสดงอัตราแลกเปลี่ยนเงินตราต่างประเทศในผลรวมย่อย?"
"Show custom attribute?","แสดงแอตทริบิวต์ที่กำหนดเอง?"
"Show custom barcode?","แสดงบาร์โค้ดที่กำหนดเอง?"
"Show custom product attribute (2)?","แสดงคุณสมบัติของสินค้าที่กำหนดเอง (2)?"
"Show custom product attribute (3)?","แสดงคุณสมบัติของสินค้าที่กำหนดเอง (3)?"
"Show custom product attribute (4)?","แสดงคุณสมบัติของสินค้าที่กำหนดเอง (4)?"
"Show custom product attribute?","แสดงคุณสมบัติของสินค้าที่กำหนดเองได้อย่างไร"
"Show custom product attributes?","แสดงคุณลักษณะของผลิตภัณฑ์ที่กำหนดเอง?"
"Show custom product options?","แสดงตัวเลือกสินค้าที่กำหนดเองได้อย่างไร"
"Show custom qrcode?","แสดง QRCode กำหนดเองได้อย่างไร"
"Show customer email?","แสดงอีเมลของลูกค้า?"
"Show customer group?","แสดงกลุ่มลูกค้า?"
"Show customer ID?","แสดงรหัสลูกค้า?"
"Show customer phone?","แสดงโทรศัพท์ลูกค้า?"
"Show customer VAT number?","แสดงหมายเลข VAT ลูกค้า?"
"Show custommer comment?","แสดงความคิดเห็น Custommer?"
"Show date printed?","แสดงวันที่พิมพ์?"
"Show deadline text / date?","แสดงข้อความที่กำหนดเส้นตายวันที่ /?"
"Show discount?","แสดงส่วนลด?"
"Show discounts in order subtotal","แสดงผลรวมย่อยส่วนลดในการสั่งซื้อ"
"Show discounts in order subtotal'","แสดงผลรวมย่อยส่วนลดในการสั่งซื้อ '"
"Show discounts where?","แสดงส่วนลดที่ไหน?"
"Show discounts?","แสดงส่วนลด?"
"Show Earned Points?","แสดงได้รับคะแนน?"
"Show extended info line?","บรรทัดแสดงข้อมูลขยาย?"
"Show extra shipping details?","แสดงรายละเอียดการจัดส่งสินค้าพิเศษ?"
"Show fixed text?","แสดงข้อความถาวร?"
"Show fixed-text for non-Store-Pickup orders?","แสดงการแก้ไขข้อความสำหรับการสั่งซื้อที่ไม่ใช่ร้านค้ารถรับส่ง?"
"Show for bundle children?","แสดงสำหรับเด็กกำ?"
"Show full payment?","แสดงการชำระเงินครบถ้วนหรือไม่"
"Show gift message title 'to/from'","แสดงที่ระลึกชื่อข้อความ 'จาก / ไป'"
"Show gift message?","แสดงข้อความของขวัญ?"
"Show gift messages?","แสดงข้อความของขวัญ?"
"Show gift wrap message?","แสดงข้อความห่อของขวัญ?"
"Show gift wrap style?","แสดงรูปแบบกระดาษห่อของขวัญ?"
"Show giftwrap label?","แสดงฉลากห่อของขวัญ?"
"Show Grand Total?","แสดงรวมแกรนด์?"
"Show icon top-of-page for wrap orders?","แสดงไอคอนด้านบนของหน้าสำหรับการสั่งซื้อห่อ?"
"Show invoiced date?","แสดงวันที่ออกใบแจ้งหนี้?"
"Show items count?","แสดงรายการนับ?"
"Show logo on Pick Lists?","แสดงโลโก้ในรายการเลือก?"
"Show logo on picklists?","แสดงโลโก้ picklists?"
"Show mageworld order delivery date?","แสดง mageworld วันที่ส่งมอบเพื่อ?"
"Show Mageworx Multifees?","แสดง Mageworx Multifees?"
"Show movable Order ID?","แสดงรหัสการสั่งซื้อที่สามารถเคลื่อนย้าย?"
"Show name?","แสดงชื่อ?"
"Show on line item' can help reduce customs fees","แสดงในรายการบรรทัด 'สามารถช่วยลดภาษีศุลกากร"
"Show order column titles?","แสดงชื่อคอลัมน์การสั่งซื้อ"
"Show order comments?","แสดงความคิดเห็นเพื่อ?"
"Show order custom attribute?","แสดงเพื่อแอตทริบิวต์ที่กำหนดเอง?"
"Show order date?","แสดงวันที่สั่งซื้อ?"
"Show order gift message?","แสดงข้อความที่ระลึกเพื่อ?"
"Show Order Grand Total","แสดงการสั่งซื้อรวมแกรนด์"
"Show Order ID (above address)?","แสดงรหัสการสั่งซื้อ (เหนือที่อยู่)?"
"Show Order ID above address?","แสดงรหัสการสั่งซื้อดังกล่าวข้างต้นอยู่?"
"Show Order ID barcode?","แสดงบาร์โค้ดรหัสคำสั่งซื้อ?"
"Show Order ID barcodes?","แสดงบาร์โค้ดรหัสคำสั่งซื้อ?"
"Show Order ID in product label?","แสดงรหัสการสั่งซื้อในฉลากของผลิตภัณฑ์?"
"Show Order ID?","แสดงรหัสการสั่งซื้อ?"
"Show Order IDs?","แสดงรหัสการสั่งซื้อ?"
"Show order number?","แสดงจำนวนการสั่งซื้อ?"
"Show Order Subtotals?","แสดงผลรวมย่อยการสั่งซื้อ?"
"Show Order Tax Total","แสดงการสั่งซื้อรวมภาษี"
"Show Order Total (no Tax)","แสดงยอดสั่งซื้อรวม (ไม่รวมภาษี)"
"Show page title bar?","แสดงแถบชื่อหน้า?"
"Show parent product name","แสดงชื่อผลิตภัณฑ์ผู้ปกครอง"
"Show payment method?","แสดงวิธีการชำระเงิน?"
"Show phone numbers?","แสดงหมายเลขโทรศัพท์?"
"Show pickup date/time on same line?","แสดงวันที่รถกระบะที่ / เวลาในบรรทัดเดียวกันได้หรือไม่"
"Show Point Discount?","แสดงจุดส่วนลด?"
"Show Price?","แสดงราคา?"
"Show prices?","แสดงราคา?"
"Show product gift message?","แสดงข้อความที่ระลึกผลิตภัณฑ์หรือไม่?"
"Show Product Gift-Wrap Column?","แสดงสินค้าห่อของขวัญคอลัมน์?"
"Show Product Grand Total","แสดงสินค้ารวมแกรนด์"
"Show Product ID barcode","แสดงบาร์โค้ดรหัสสินค้า"
"Show product ID below barcode?","แสดงหมายเลขผลิตภัณฑ์ด้านล่างบาร์โค้ด?"
"Show product images?","แสดงภาพผลิตภัณฑ์หรือไม่?"
"Show product line total?","แสดงผลิตภัณฑ์บรรทัดรวม?"
"Show Product list?","แสดงรายการสินค้า?"
"Show product name bold?","แสดงชื่อผลิตภัณฑ์ที่เป็นตัวหนา?"
"Show product name?","แสดงชื่อผลิตภัณฑ์หรือไม่?"
"Show product names?","แสดงชื่อผลิตภัณฑ์หรือไม่?"
"Show product options?","แสดงตัวเลือกผลิตภัณฑ์หรือไม่?"
"Show Product qty?","แสดงจำนวนสินค้า?"
"Show product sku barcode?","แสดงสินค้ารหัสสินค้าบาร์โค้ด?"
"Show product sku?","แสดงสินค้ารหัสสินค้า?"
"Show Product Tax Total","แสดงภาษีสินค้าทั้งหมด"
"Show Product Total(no Tax)","แสดงสินค้าทั้งหมด (ไม่รวมภาษี)"
"Show product type?","แสดงประเภทของผลิตภัณฑ์?"
"Show product-level gift messages?","แสดงข้อความที่ระลึกระดับผลิตภัณฑ์?"
"Show purchase order #?","แสดงคำสั่งซื้อ #?"
"Show qty as:","แสดงจำนวนเป็น:"
"Show return address?","แสดงที่อยู่กลับมา?"
"Show Sheet Grand Total with Tax/ without Tax","แสดงแผ่นแกรนด์รวมกับภาษี / ไม่เสียภาษี"
"Show Sheet Total","แสดงแผ่นรวม"
"Show Sheet Total with Tax/ without Tax","แสดงแผ่นรวมกับภาษี / ไม่เสียภาษี"
"Show shelving info?","แสดงข้อมูลการเก็บเข้าลิ้นชัก?"
"Show Ship Grand Total","แสดงเรือแกรนด์รวม"
"Show Ship Tax Total","แสดงเรือรวมภาษี"
"Show Ship Total (no Tax)","แสดงเรือรวม (ไม่รวมภาษี)"
"Show shipping address at top?","แสดงที่อยู่ในการจัดส่งที่ด้านบน?"
"Show shipping address title?","แสดงชื่อที่อยู่จัดส่ง?"
"Show shipping address?","แสดงที่อยู่จัดส่ง?"
"Show shipping carrier?","แสดงผู้ให้บริการจัดส่งสินค้า?"
"Show shipping method?","แสดงวิธีการจัดส่ง?"
"Show Shipping Price?","แสดงการจัดส่งสินค้าราคา?"
"Show Shipping subtotal?","แสดงผลรวมย่อยการจัดส่งสินค้า?"
"Show shipping warehouse?","แสดงคลังสินค้าการจัดส่งสินค้า?"
"Show simple product name","แสดงชื่อผลิตภัณฑ์ที่เรียบง่าย"
"Show SKU?","แสดง SKU?"
"Show Source in subtotal?","แสดงที่มาในผลรวมย่อย?"
"Show specific attribute?","แสดงแอตทริบิวต์ที่เฉพาะเจาะจง"
"Show Spent Points?","แสดงจุดที่อยู่ในระบบ?"
"Show stock alert below...","แสดงการแจ้งเตือนหุ้นดังต่อไปนี้ ..."
"Show stock alerts?","แสดงการแจ้งเตือนสต็อก?"
"Show stock qty?","แสดงจำนวนสต็อก?"
"Show subtotal?","แสดงผลรวมย่อย?"
"Show Subtotals?","แสดงผลรวมย่อย?"
"Show tax breakdown?","แสดงรายละเอียดภาษีได้หรือไม่"
"Show tax separately?","แสดงภาษีแยกต่างหาก?"
"Show tickbox 2nd?","แสดงช่องทำเครื่องหมายที่ 2?"
"Show tickbox?","แสดงช่องทำเครื่องหมาย?"
"Show total discount?","แสดงส่วนลดรวม?"
"Show Total Due?","แสดงรวมลูกหนี้?"
"Show Total Order","แสดงยอดสั่งซื้อรวม"
"Show Total Paid?","แสดงรวมเงิน?"
"Show total shipping?","แสดงค่าจัดส่งรวม?"
"Show total tax?","แสดงรวมภาษี?"
"Show total weight?","แสดงน้ำหนักรวม?"
"Show tracking number as barcode?","แสดงหมายเลขการติดตามเป็นบาร์โค้ด?"
"Show tracking number?","แสดงหมายเลขติดตาม?"
"Show unit price?","แสดงราคาต่อหน่วย?"
"Show unit tax Total","แสดงรวมภาษีหน่วย"
"Show unit tax?","แสดงภาษีหน่วย?"
"Show which date?","แสดงว่าวันที่?"
"Show which Store-Pickup details?","แสดงรายละเอียดที่ร้านค้ารถรับส่ง?"
"Show which value for configurable product names?","แสดงว่าค่าสำหรับชื่อผลิตภัณฑ์ที่กำหนดค่า?"
"Show which value for product names?","แสดงให้เห็นว่าคุ้มค่าสำหรับชื่อผลิตภัณฑ์หรือไม่?"
"Show WSA Store-Pickup details?","แสดง WSA รายละเอียดร้านค้ารถรับส่ง?"
"Show zero-value discount?","แสดงส่วนลดค่าเป็นศูนย์?"
"Show zero-value shipping?","แสดงการจัดส่งสินค้าที่มีมูลค่าเป็นศูนย์?"
"Show zero-value tax?","แสดงภาษีเป็นศูนย์คุ้มค่า?"
"Show Zipcode barcode?","แสดงบาร์โค้ดรหัสไปรษณีย์?"
"Show?","แสดง?"
"Shows item if stock below this; Default: 1","แสดงรายการถ้าหุ้นด้านล่างนี้ เริ่มต้น: 1"
"Shows SKU in red if stock below this number","แสดงรหัสสีแดงถ้าหุ้นดังต่อไปนี้หมายเลขนี้"
"Signature line?","บรรทัดลายเซ็น?"
"Simple product name","ชื่อผลิตภัณฑ์ที่เรียบง่าย"
"Simple product name, even in configurable","ชื่อสินค้าที่ง่ายแม้ในการกำหนดค่า"
"Size","ขนาด"
"Size attribute","แอตทริบิวต์ขนาด"
"Size X-pos.","ขนาด X-POS"
"SKU barcode column title","รหัสบาร์โค้ดชื่อคอลัมน์"
"SKU column title","ชื่อคอลัมน์ SKU"
"SKU position","ตำแหน่ง SKU"
"SKU X-pos.","รหัส X-POS"
"SKU?","SKU?"
"Small Image","รูปภาพขนาดเล็ก"
"Sort bundle children?","เด็กเรียงกำ?"
"Sort by :","เรียงลำดับโดย:"
"Sort direction :","ทิศทางการจัดเรียง:"
"Sort items by :","รายการเรียงลำดับโดย:"
"Sort product lists by :","รายชื่อเรียงสินค้าตาม:"
"Sort product lists?","รายชื่อเรียงสินค้า?"
"Sort products by :","ผลิตภัณฑ์เรียงลำดับโดย:"
"Sort Secondary by :","เรียงรองโดย:"
"Sorting attribute :","เรียงลำดับแอตทริบิวต์:"
"Spacer character:","ตัวอักษรเป็นตัวเว้นวรรค:"
"Specific font-size for Town/State/Zip","เฉพาะ font-size สำหรับเมือง / รัฐ / ซิป"
"Split &amp; group bundle parents and children/simple-products separately","Split & amp; กลุ่มพ่อแม่ผู้ปกครองและเด็กกำ / ง่ายผลิตภัณฑ์แยกต่างหาก"
"Split by logged-in user?","แยกตามผู้ใช้เข้าสู่ระบบใน?"
"Split PDFs by supplier","ไฟล์ PDF แบ่งตามผู้จัดจำหน่าย"
"Standard : shipping on left, billing on right","มาตรฐาน: การจัดส่งสินค้าด้านซ้ายด้านขวาเรียกเก็บเงิน"
"Star specific value?","ดาราค่าเฉพาะ?"
"Start from fixed Y-Pos?","เริ่มต้นจากการแก้ไข Y-Pos?"
"Start overflow pages where?","หน้าเริ่มต้นล้นที่ไหน?"
"Start with 'From :' to have that a different size","เริ่มต้นด้วย 'จาก:' ที่จะมีขนาดที่แตกต่างกัน"
"Status","สถานะ"
"Stock alert below...","แจ้งการแจ้งเตือนด้านล่าง ..."
"Stock alerts?","แจ้งเตือนหุ้น?"
"Stock Filter","หุ้นตัวกรอง"
"Store","เก็บ"
"Strip line breaks and commas?","Strip แบ่งบรรทัดและจุลภาค?"
"Strip linebreaks from non-address fields in CSV exports?","ตัดบรรทัดใหม่จากสาขาที่ไม่ใช่ที่อยู่ในการส่งออก CSV?"
"Strip linebreaks in gift messages?","ตัดบรรทัดใหม่ในข้อความที่ระลึก?"
"Strip linebreaks in order comments?","Strip linebreaks ในความคิดเห็นเพื่อ?"
"Style","รูปแบบ"
"Subheadings : Color","หัวเรื่องย่อย: สี"
"Subheadings : Font","หัวเรื่องย่อย: ตัวอักษร"
"Subheadings : Size","หัวเรื่องย่อย: ขนาด"
"Subheadings : Style","Vergi dahil."
"Subsection height","Vergi"
"Subtotal align","Vergi dahil."
"Subtotal Labels X-pos","ยอดรวมป้าย X-POS"
"Subtotal Numbers X-pos","ตัวเลขยอดรวม X-POS"
"Suggested : [blank] or 'billing details'","แนะนำ: [ว่าง] หรือ "รายละเอียดการเรียกเก็บเงิน '"
"Suggested : [blank] or 'Ship","แนะนำ: [ว่าง] หรือ 'เรือ"
"Suggested : [blank] or 'shipping details'","แนะนำ: [ว่าง] หรือ "รายละเอียดการจัดส่งสินค้า '"
"Supplier  'login'","ซัพพลายเออร์ 'เข้าสู่ระบบ'"
"Supplier attribute","แอตทริบิวต์ผู้ผลิต"
"Supplier options","ตัวเลือกซัพพลายเออร์"
"Supplier username:suppliername","ชื่อผู้จัดจำหน่าย: suppliername"
"Switched, billing on donw, shipping on up","เปลี่ยนการเรียกเก็บเงินใน donw, การจัดส่งสินค้าขึ้น"
"Switched, billing on left, shipping on right","เปลี่ยนการเรียกเก็บเงินด้านซ้ายด้านขวาการจัดส่งสินค้า"
"T: ","T:"
"Take product name from:","ใช้ชื่อผลิตภัณฑ์จาก:"
"Tax column title","ชื่อคอลัมน์ภาษี"
"Tax display method","วิธีการแสดงภาษี"
"Tax Incl.","รวมภาษี"
"Tax Label","ป้ายภาษี"
"Tax Label Incl.","ฉลากรวมภาษี"
"Tax paid?","ภาษีเงิน?"
"Teando Delivery Options?","Teando จัดส่งตัวเลือก?"
"Temando Delivery Options?","Temando จัดส่งตัวเลือก?"
"Text","ข้อความ"
"Text for 'Packed 2 by' note :","ข้อความสำหรับ 'บรรจุ 2 โดย' หมายเหตุ:"
"Thailand CN22 Label Image","ประเทศไทย CN22 ป้ายภาพ"
"This needs the <b><a href="https://moogento.com/shipeasy" target="_blank">shipEasy</a></b> extension to work","นี้ต้อง <b> <a href="https://moogento.com/shipeasy" target="_blank"> shipEasy </a> </ b> การขยายการทำงาน"
"This option will work if you have installed Gift Wrap feature of Magento Enterprise","ตัวเลือกนี้จะทำงานคุณลักษณะกระดาษห่อของขวัญถ้าคุณได้ติดตั้งของวีโอไอพีเอ็นเตอร์ไพรส์"
"This option will work if you have installed warehouse extension.","ตัวเลือกนี้จะทำงานขยายคลังสินค้าถ้าคุณได้ติดตั้ง"
"This sets: Packing Sheets, Invoices, Picklists.","ชุดนี้: แผ่นบรรจุ, ใบแจ้งหนี้, Picklists"
"This will add an info label at the end of every print run.","นี้จะเพิ่มป้ายข้อมูลในตอนท้ายของการพิมพ์ทุก"
"This will be added to each order's total weight","นี้จะถูกเพิ่มน้ำหนักรวมของการสั่งซื้อแต่ละ"
"This will create different pick lists per supplier","นี้จะสร้างรายการเลือกที่แตกต่างกันต่อซัพพลายเออร์"
"This will group all products by their category (useful for outbound customs declarations)","น้ำพระทัยกลุ่มนี้ทุกผลิตภัณฑ์ตามหมวดหมู่ของพวกเขา (มีประโยชน์สำหรับขาออกประกาศศุลกากร)"
"This will move the image on each label","นี้จะย้ายภาพในแต่ละป้าย"
"This will slow down PDF generation by a lot, so leave 'No' unless you really need it","นี้จะชะลอตัวลงรุ่น PDF โดยมากดังนั้นปล่อยให้ 'ไม่' ยกเว้นกรณีที่คุณต้องการจริงๆ"
"Thumbnail","รูปขนาดย่อ"
"Tickbox 2nd Xpos","ช่องทำเครื่องหมายที่ 2 Xpos"
"Tickbox 2nd?","ช่องทำเครื่องหมายที่ 2?"
"Tickbox Xpos","ช่องทำเครื่องหมาย Xpos"
"Tickbox?","ช่องทำเครื่องหมาย?"
"Time","เวลา"
"Tip : Use short title(s) if you choose 'beside'","เคล็ดลับ: ใช้ชื่อสั้น (s) หากคุณเลือก 'ข้าง'"
"Title","หัวข้อ"
"Title text","ข้อความชื่อเรื่อง"
"Titlebars Bkg Color","Titlebars BKG สี"
"Today\'s Date","วันนี้วันที่"
"Top address padding","ช่องว่างที่อยู่ด้านบน"
"Top Left","ด้านบนซ้าย"
"Top of page","ด้านบนของหน้า"
"Top-left Ribbon","ริบบิ้นบนด้านซ้าย"
"Total invoiced items count?","รายการใบแจ้งหนี้รวมนับ?"
"Total items count?","รายการทั้งหมดนับ?"
"Total order count?","ยอดสั่งซื้อรวมนับ?"
"Total paid column","คอลัมน์จ่ายรวม"
"Total paid for each SKU?","รวมจ่ายแต่ละ SKU?"
"Total paid?","ทั้งหมดที่จ่าย?"
"Total price column title","ชื่อคอลัมน์ราคารวม"
"Total product qty title","รวมชื่อจำนวนสินค้า"
"Total shipped items count?","สินค้าที่จัดส่งรวมนับ?"
"Total shipping paid?","การจัดส่งสินค้ารวมเงิน?"
"Total weight?","น้ำหนักรวม?"
"Tracking number font size","ติดตามจำนวนขนาดตัวอักษร"
"Tracking Number?","หมายเลขติดตาม?"
"Trigger statuses","สถานะ Trigger"
"Trim long content?","ตัดเนื้อหายาว?"
"Trim long?","ตัดยาว?"
"Trim long SKUs?","ตัด SKUs ยาว?"
"Trim Product Name","ตัดชื่อสินค้า"
"Trim Product Name?","ตัดชื่อสินค้า?"
"Trim SKU?","ตัด SKU?"
"Trim?","Trim?"
"Truncate items to fit in columns?","ตัดรายการที่จะใส่ในคอลัมน์?"
"UK CN22 Label Image","สหราชอาณาจักร CN22 ป้ายภาพ"
"Under product-list message","ภายใต้ข้อความ Product-List"
"Under product-list Message A","ภายใต้ Product-List ข้อความ"
"Under product-list Message B","ภายใต้ Product-List ข้อความ B"
"Under shipping details","ภายใต้การจัดส่งรายละเอียด"
"Unhold?","เลิกพักสาย?"
"Unit price column title","หน่วยชื่อคอลัมน์ราคา"
"Unit price title","ชื่อราคาต่อหน่วย"
"Unit tax title","ชื่อหน่วยภาษี"
"Unit tax title?","ชื่อหน่วยภาษี?"
"Update after process","Update หลังจากที่กระบวนการ"
"Update Order Attribute","แอตทริบิวต์การปรับปรุงการสั่งซื้อสินค้า"
"Update shipEasy Flag","ปรับปรุง shipEasy ธง"
"Upload a .ttf or .otf font file","อัปโหลด .ttf หรือ .otf ไฟล์ตัวอักษร"
"Upload a .ttf or .otf font file <br />'Font style' settings","อัปโหลด .ttf หรือ .otf อักษรไฟล์ <br /> การตั้งค่า 'รูปแบบตัวอักษร'"
"Upload a .ttf or .otf font file <br />'Font style' settings are ignored with custom fonts","อัปโหลด .ttf หรือ .otf อักษรไฟล์ <br /> การตั้งค่า 'รูปแบบตัวอักษร' จะถูกละเลยด้วยตัวอักษรที่กำหนดเอง"
"Upload a .ttf or .otf font file'Font style' settings","อัปโหลด .ttf หรือ .otf 'ตั้งค่าตัวอักษรสไตล์ file'Font"
"Upload a .ttf or .otf font file<br />'Font style' settings are ignored with custom fonts","อัปโหลด .ttf หรือ .otf อักษรไฟล์ <br /> การตั้งค่า 'รูปแบบตัวอักษร' จะถูกละเลยด้วยตัวอักษรที่กำหนดเอง"
"Upsize + bold qty, if qty = 2+","Upsize จำนวนตัวหนา + ถ้าจำนวน = 2 +"
"USA CN22 Label Image","สหรัฐอเมริกา CN22 ป้ายภาพ"
"Use <b>shippingRules</b> generated shipping label?","ใช้ <b> shippingRules </ b> ป้ายชื่อการจัดส่งสินค้าที่สร้าง?"
"Use as a way to constrain the address inside a specific label or area","ใช้เป็นวิธีที่จะ จำกัด อยู่ภายในป้ายที่เฉพาะเจาะจงหรือพื้นที่"
"Use GFS Shipping Labels?","ใช้ป้ายชื่อ GFS การจัดส่งสินค้า?"
"Use logged-in language","การใช้ภาษาในการเข้าสู่ระบบ"
"Use Magento Grand Total?","ใช้วีโอไอพีแกรนด์รวม?"
"Use Magento subtotals?","ใช้ผลรวมย่อยวีโอไอพี?"
"Use order storeview language","การใช้ภาษาเพื่อ storeview"
"Use together with 'Update shipEasy Flag' -> 'Yes, Printed'","ใช้ร่วมกับ 'อัพเดต shipEasy ธง' -> 'ใช่พิมพ์'"
"Use what language and when?","ใช้ภาษาอะไรและเมื่อไหร่?"
"Use which image?","ใช้งานง่ายซึ่งภาพ?"
"Use which?","ซึ่งใช้?"
"Uses header logo from Packing Sheet","ใช้โลโก้โหม่งแผ่นบรรจุ"
"Using One Step Checkout (Magestore) delivery date","โดยใช้ขั้นตอนที่หนึ่งกร้า (Magestore) วันที่ส่งมอบ"
"Usually goes at page base - handy for QC","มักจะไปที่ฐานหน้า - มีประโยชน์สำหรับการควบคุมคุณภาพ"
"Value","ความคุ้มค่า"
"Vert Line","สายสีเขียว"
"Warehouse?","คลังสินค้า?"
"Weight Based number?","น้ำหนักจำนวน Based?"
"Weight Based?","น้ำหนัก Based?"
"Weight multiplier","คูณน้ำหนัก"
"Weight rounding","น้ำหนักปัดเศษ"
"Weight unit","น้ำหนักต่อหน่วย"
"Weight unit:","หน่วยน้ำหนัก:"
"What is your word for 'tax'?","คำของคุณ 'ภาษี' คืออะไร?"
"Where to position custom product attributes on the picklists.<br />Default: Columns","ที่จะวางตำแหน่งผลิตภัณฑ์แอตทริบิวต์ที่กำหนดเองใน picklists <br /> เริ่มต้น:. คอลัมน์"
"Which Aitoc attribute codes?","ซึ่ง Aitoc แอตทริบิวต์รหัส?"
"Which Options?","ตัวเลือก?"
"Which value for configurable product names?","ซึ่งค่าสำหรับชื่อผลิตภัณฑ์ที่กำหนดค่า?"
"Which?","ที่?"
"Width","ความกว้าง"
"X days after printing date?","X วันหลังจากวันที่พิมพ์?"
"X-Nudge","X-เขยิบ"
"X-pos","X-POS"
"X-Pos [434]","X-Pos [434]"
"X-Pos.  images 222","X-Pos ภาพ 222"
"X-Pos. attr. 2","X-Pos attr 2"
"X-Pos. attr. 2 (+ prices col)","X-Pos attr 2 (+ ราคาเทือกเขา)"
"X-Pos. attr. 2 (+ prices, tax cols)","X-Pos attr 2 (+ ราคา cols ภาษี)"
"X-Pos. attr. 3","X-Pos attr 3"
"X-Pos. attr. 3 (+ prices col)","X-Pos attr 3 (+ ราคาเทือกเขา)"
"X-Pos. attr. 3 (+ prices, tax cols)","X-Pos attr 3 (+ ราคา cols ภาษี)"
"X-Pos. barcodes","X-Pos บาร์โค้ด"
"X-Pos. custom product options","X-Pos ตัวเลือกผลิตภัณฑ์ที่กำหนดเอง"
"X-Pos. custom product options (+ prices col)","X-Pos ตัวเลือกผลิตภัณฑ์ที่กำหนดเอง (+ ราคาเทือกเขา)"
"X-Pos. custom product options (+ prices, tax cols)","X-Pos ตัวเลือกผลิตภัณฑ์ที่กำหนดเอง (+ ราคา cols ภาษี)"
"X-Pos. date","X-Pos วันที่"
"X-Pos. images","X-Pos ภาพ"
"X-Pos. images (+ prices col)","X-Pos ภาพ (+ ราคาเทือกเขา)"
"X-Pos. images (+ prices, tax cols)","X-Pos ภาพ (ราคา + cols ภาษี)"
"X-Pos. name","X-Pos ชื่อ"
"X-Pos. name (+ prices col)","X-Pos ชื่อ (ราคา + เทือกเขา)"
"X-Pos. name (+ prices, tax cols)","X-Pos ชื่อ (ราคา + cols ภาษี)"
"X-Pos. numbered list","X-Pos รายการลำดับเลข"
"X-Pos. numbered list bundle children","X-Pos หมายเลขรายการเด็กกำ"
"X-Pos. product discount","X-Pos ส่วนลดสินค้า"
"X-Pos. product discount?","X-Pos ส่วนลดผลิตภัณฑ์หรือไม่?"
#N/A
"X-Pos. product line total?","X-Pos สายผลิตภัณฑ์ทั้งหมด?"
"X-Pos. qty","X-Pos จำนวน"
"X-Pos. qty (+ prices col)","X-Pos จำนวน (+ ราคาเทือกเขา)"
"X-Pos. qty (+ prices, tax cols)","X-Pos จำนวน (+ ราคา cols ภาษี)"
"X-Pos. shelf","X-Pos หิ้ง"
"X-Pos. shelf (+ prices col)","X-Pos การเก็บรักษา (ราคา + เทือกเขา)"
"X-Pos. shelf (+ prices, tax cols)","X-Pos การเก็บรักษา (ราคา + cols ภาษี)"
"X-Pos. sku","X-Pos SKU"
"X-Pos. sku (+ prices col)","X-Pos SKU (+ ราคาเทือกเขา)"
"X-Pos. sku (+ prices, tax cols)","X-Pos SKU (+ ราคา cols ภาษี)"
"X-Pos. SKU barcode","X-Pos บาร์โค้ด SKU"
"X-Pos. SKU barcode (+ prices col)","X-Pos รหัสบาร์โค้ด (ราคา + เทือกเขา)"
"X-Pos. SKU barcode (+ prices, tax cols)","X-Pos รหัสบาร์โค้ด (ราคา + cols ภาษี)"
"X-Pos. tickbox","X-Pos ช่องทำเครื่องหมาย"
"X-Pos. tickbox (+ prices col)","X-Pos ช่องทำเครื่องหมาย (+ ราคาเทือกเขา)"
"X-Pos. tickbox (+ prices, tax cols)","X-Pos ช่องทำเครื่องหมาย (+ ราคา cols ภาษี)"
"X-Pos. total price","X-Pos ราคารวม"
"X-Pos. total price (+ tax col)","X-Pos ราคารวม (+ Col ภาษี)"
"X-Pos. unit price","X-Pos ราคาต่อหน่วย"
"X-Pos. unit price (+ tax col)","X-Pos ราคาต่อหน่วย (+ Col ภาษี)"
"X-Pos. unit tax","X-Pos หน่วยภาษี"
"X-Pos. unit tax?","X-Pos ภาษีหน่วย?"
"XML/CSV Cargo Packing Sheet","XML / CSV Cargo บรรจุแผ่น"
"Xpos name","ชื่อ Xpos"
"Xpos qty","Xpos จำนวน"
"Xpos shelving","Xpos เก็บเข้าลิ้นชัก"
"Y-pos","Y-POS"
"Yes","ใช่"
"Yes (After tax)","ใช่ (หลังหักภาษี)"
"Yes (item custom attribute with specific date)","ใช่ (รายการแอตทริบิวต์ที่กำหนดเองที่มีวันที่เฉพาะเจาะจง)"
"Yes (Multiple products)","ใช่ (สินค้าหลายรายการ)"
"Yes (Single products)","ใช่ (ผลิตภัณฑ์เดียว)"
"Yes in Packing Sheets & Invoices Only","ใช่ในแผ่นบรรจุและใบแจ้งหนี้เท่านั้น"
"Yes in Picklists Only","ใช่ใน Picklists เท่านั้น"
"Yes, *not* including email","ใช่ * ไม่ * รวมทั้งอีเมล"
"Yes, 2 messages, depending on customer group","ใช่ 2 ข้อความขึ้นอยู่กับกลุ่มลูกค้า"
"Yes, after shipping address","ใช่หลังจากที่อยู่จัดส่ง"
"Yes, an image","ใช่ภาพ"
"Yes, and don\'t include date","ใช่และ Don t \ 'รวมถึงวัน"
"Yes, and double-quote quotes","ใช่และคำพูดอ้างดับเบิล"
"Yes, and include date","ใช่และรวมถึงวัน"
"Yes, and strip all quotes","ใช่และตัดคำพูดทั้งหมด"
"Yes, average price paid (taken from invoice row)","ใช่ราคาเฉลี่ยจ่าย (เอามาจากแถวใบแจ้งหนี้)"
"Yes, before shipping address","ใช่ก่อนที่อยู่จัดส่ง"
"Yes, below product line, linear","ใช่ด้านล่างสายผลิตภัณฑ์เชิงเส้น"
"Yes, below product line, stacked","ใช่ด้านล่างสายผลิตภัณฑ์ซ้อน"
"Yes, below product line, stacked & boxed","ใช่ด้านล่างสายผลิตภัณฑ์และบรรจุกล่องซ้อนกัน"
"Yes, both in a Tax column and a Tax subtotal","ใช่ทั้งในคอลัมน์ภาษีและผลรวมย่อยภาษี"
"Yes, by Order Attribute","ใช่โดยแอตทริบิวต์การสั่งซื้อสินค้า"
"Yes, by Order Status","ใช่โดยสถานะการสั่งซื้อ"
"Yes, by Shipping Method","ใช่โดยวิธีการจัดส่ง"
"YES, CAPITALISE","ใช่ Capitalise"
"Yes, Child (Simple product full SKU (include option))","ใช่เด็ก (สินค้าง่ายเต็ม SKU (รวมถึงตัวเลือก))"
"Yes, Child (Simple product full SKU, including product options)","ใช่เด็ก (สินค้าง่ายเต็ม SKU รวมถึงตัวเลือกผลิตภัณฑ์)"
"Yes, Child (Simple product SKU **Default**)","ใช่เด็ก (สินค้าง่าย SKU ** เริ่มต้น **)"
"Yes, Child (Simple product)","ใช่เด็ก (สินค้าง่าย)"
"Yes, combined in movable box","ใช่รวมกันในกล่องที่สามารถเคลื่อนย้าย"
"Yes, combined in new page","ใช่รวมกันในหน้าเว็บใหม่"
"Yes, combined in positionable box","ใช่รวมกันในกล่องตำแหน่งได้"
"Yes, combined under products list","ใช่รวมกันภายใต้ผลิตภัณฑ์รายการ"
"Yes, combined under shipping address","ใช่รวมกันภายใต้ที่อยู่จัดส่ง"
"Yes, combo attributes","ใช่คำสั่งผสมแอตทริบิวต์"
"Yes, concise","ใช่รัดกุม"
"Yes, count each option as a separate SKU","ใช่นับแต่ละตัวเลือกแยก SKU"
"Yes, count each option as a separate SKU, grouped under parent product","ใช่นับแต่ละตัวเลือกแยก SKU ของสินค้ากลุ่มภายใต้ผู้ปกครอง"
"Yes, custom attribute","ใช่แอตทริบิวต์ที่กำหนดเอง"
"Yes, depending on Country Group","ใช่ขึ้นอยู่กับคันทรี่กรุ๊ป"
"Yes, filter by notes text","ใช่กรองตามบันทึกข้อความ"
"Yes, fixed text","ใช่ข้อความถาวร"
"Yes, for Pick Lists and Packing Sheets","ใช่สำหรับรายชื่อการเลือกและการบรรจุแผ่น"
"Yes, from custom attribute","ใช่จากแอตทริบิวต์ที่กำหนดเอง"
"Yes, full SKU","ใช่ SKU เต็ม"
"Yes, Garuda [good for: Thai, Latin]","ใช่ครุฑ [ดีสำหรับ: ไทย, ภาษาละติน]"
"Yes, grayed out","ใช่สีเทา"
"Yes, group parent SKUs and option SKUs","ใช่กลุ่มผู้ปกครองและตัวเลือก SKUs SKUs"
"Yes, in a Tax column","ใช่ในคอลัมน์ภาษี"
"Yes, in a Tax subtotal","ใช่ในผลรวมย่อยภาษี"
"Yes, in page base","ใช่ในฐานหน้า"
"Yes, in positionable box (handy for tear-off labels)","ใช่ในกล่อง positionable (ที่มีประโยชน์สำหรับป้ายฉีกออก)"
"Yes, in separate column","ใช่ในคอลัมน์ที่แยกต่างหาก"
"Yes, in title","ใช่ในชื่อ"
"Yes, incl. tax","ใช่รวม ภาษี"
"Yes, including email","ใช่รวมทั้งอีเมล"
"Yes, inline with product SKU","ใช่ใกล้เคียงกับสินค้า SKU"
"Yes, Invoice ID","ใช่ใบแจ้งหนี้ ID"
"Yes, Kinnari (similar to Georgia) [good for: Thai, Latin]","ใช่กินรี (คล้ายกับจอร์เจีย) [ที่ดีสำหรับ: ไทย, ภาษาละติน]"
"Yes, Marketplace Order ID","ใช่ตลาดรหัสการสั่งซื้อ"
"Yes, MS Gothic [large filesize, good for: Japanese, Latin]","ใช่ MS โกธิค [ขนาดไฟล์ขนาดใหญ่ที่ดีสำหรับ: ญี่ปุ่น, ภาษาละติน]"
"Yes, new line for each, under product SKU","ใช่บรรทัดใหม่สำหรับแต่ละภายใต้สินค้า SKU"
"Yes, on a new page","ใช่ในหน้าใหม่"
"Yes, on same label","ใช่บนฉลากเดียวกัน"
"Yes, on separate label","ใช่บนฉลากแยกต่างหาก"
"Yes, one message, horizontal strip","ใช่หนึ่งข้อความแถบแนวนอน"
"Yes, one message, positionable box","ใช่หนึ่งข้อความกล่องตำแหน่งได้"
"Yes, one product per label","ใช่หนึ่งผลิตภัณฑ์ต่อป้ายกำกับ"
"Yes, only output Invoiced items","ใช่เฉพาะรายการที่ส่งออกใบแจ้งหนี้"
"Yes, only output Shipped items","ใช่เฉพาะรายการที่เอาท์พุทจัดส่ง"
"Yes, order details + shipping label","ใช่รายละเอียดการสั่ง + ป้ายกำกับการจัดส่งสินค้า"
"Yes, order details only","ใช่คำสั่งเฉพาะรายละเอียด"
"Yes, Order ID","ใช่รหัสการสั่งซื้อ"
"Yes, Parent (Configurable parent **Default**)","ใช่ผู้ปกครอง (ผู้ปกครองที่กำหนด ** เริ่มต้น **)"
"Yes, Parent (Configurable parent SKU)","ใช่ผู้ปกครอง (กำหนดผู้ปกครอง SKU)"
"Yes, product category","ใช่ประเภทสินค้า"
"Yes, product ID","ใช่หมายเลขผลิตภัณฑ์"
"Yes, product name","ใช่ชื่อผลิตภัณฑ์"
"Yes, product SKU","ใช่ผลิตภัณฑ์ SKU"
"Yes, Purisa (similar to Comic Sans) [good for: Thai, Latin]","ใช่ Purisa (คล้ายกับการ์ตูน Sans) [ที่ดีสำหรับ: ไทย, ภาษาละติน]"
"Yes, Sawasdee [good for: Thai, Latin]","ใช่สวัสดี [ดีสำหรับ: ไทย, ภาษาละติน]"
"Yes, shipping label only","ใช่ฉลากการจัดส่งสินค้าเท่านั้น"
"Yes, show only notes tagged \'visible on frontend\'","ใช่แสดงบันทึกเพียงแท็ก \ 'ปรากฏบนส่วนหน้า \'"
"Yes, Simplified Chinese [good for: Chinese]","ใช่, จีน [ดีสำหรับจีน]"
"Yes, split parent SKUs if option SKUs vary","ใช่พ่อแม่แยก SKUs ถ้าตัวเลือก SKUs แตกต่างกันไป"
"Yes, standard fonts [large filesize, good for accented Latin]","ใช่อักษรมาตรฐาน [ขนาดไฟล์ขนาดใหญ่ที่ดีสำหรับสำเนียงภาษาละติน]"
"Yes, Tahoma [medium filesize, good for: Arabic, Latin]","ใช่ Tahoma [ขนาดกลางที่ดีสำหรับ: อาหรับ, ภาษาละติน]"
"Yes, to 0 decimal places","ใช่ไปที่ 0 ตำแหน่งทศนิยม"
"Yes, total product cost price","ใช่ราคาต้นทุนการผลิตทั้งหมด"
"Yes, total sold price, excluding shipping","ใช่ราคาที่จำหน่ายได้แล้วทั้งหมดไม่รวมค่าจัดส่ง"
"Yes, total sold price, including shipping","ใช่ราคาที่จำหน่ายได้แล้วทั้งหมดรวมทั้งการจัดส่งสินค้า"
"Yes, Traditional Chinese [good for: Chinese]","ใช่แผนจีน [ดีสำหรับจีน]"
"Yes, under individual product","ใช่ภายใต้แต่ละผลิตภัณฑ์"
"Yes, under product list","ใช่ภายใต้รายการสินค้า"
"Yes, up to a pallet","ใช่ถึงพาเลท"
"Yes, Uppercase","ใช่ตัวพิมพ์ใหญ่"
"Yes, with no tax info","ใช่ด้วยข้อมูลที่ไม่ต้องเสียภาษี"
"Yes, with Tax","ใช่มีภาษี"
"Yes, with VAT info","ใช่มีข้อมูลภาษีมูลค่าเพิ่ม"
"Yes: bold","ใช่: ตัวหนา"
"Yes: bold & underline","ใช่: ตัวหนาและขีดเส้นใต้"
"Yes: bold, underlined & red","ใช่: ตัวหนาขีดเส้นใต้สีแดงและ"
"Yes: boxed","ใช่: บรรจุกล่อง"
"You need shippingRules installed for this to work. This will use the specific label generated by shippingRules.","คุณจำเป็นต้องมีการติดตั้งสำหรับ shippingRules นี้ในการทำงาน นี้จะใช้ป้ายที่สร้างขึ้นโดยเฉพาะ shippingRules"
"Filter/split by supplier?","กรอง / แยกตามผู้จัดจำหน่าย?"
"'Combined Packing Sheet/Invoice' grouped by Order ID?","'รวมบรรจุแผ่น / ใบแจ้งหนี้' จัดกลุ่มตามรหัสคำสั่งซื้อ?"
"Reset pickPack","รีเซ็ต pickPack"
"Export pickPack Settings","การตั้งค่า pickPack ส่งออก"
"Import pickPack Settings","การตั้งค่า pickPack นำเข้า"
"'PDF Invoice & Packing Sheet' Sort","'ใบแจ้งหนี้ PDF & แผ่นบรรจุ' เรียง"
"Customise CSVs","ปรับแต่ง CSV ทั้งหมด"
"Customise PDFs","ปรับแต่งไฟล์ PDF"
"Customise Admin/Frontend Options","ปรับแต่งตัวเลือกธุรการ / ส่วนหน้า"
"pickPack User Guide","คู่มือการใช้งาน pickPack"
"Moogento Store","Moogento ร้าน"